名称,種類,所在地,関連URL,写真,回収地区,回収日,回収品目,その他情報,コメント,経度,緯度
さくら  2,総合,大和市柳橋2-22  わかば緑地,,,回収地区7,A資源-毎月1・3回目火<br>B資源-毎月2・4回目火<br>容器包装プラ-毎週金,A資源、B資源、容器包装プラ,,115-F-5,139.4631188,35.45801919
さくら  1,総合,大和市柳橋4-5050  引地台中学校東側,,,回収地区7,A資源-毎月1・3回目火<br>B資源-毎月2・4回目火<br>容器包装プラ-毎週金,A資源、B資源、容器包装プラ,,115-E-8,139.4623913,35.4568735
さつき会  1,総合,大和市下鶴間1943  目黒公園,,,回収地区4,A資源-毎月2・4回目月<BR>B資源-毎月1・3回目月<BR>容器包装プラ-毎週水,A資源、B資源、容器包装プラ,,033-F-8,139.4626821,35.50195945
つきみ野  7,総合,大和市つきみ野1-12  つきみ野5号公園東南側,,,回収地区2,A資源-毎月2・4回目木<BR>B資源-毎月1・3回目木<BR>容器包装プラ-毎週火,A資源、B資源、容器包装プラ,,033-A-2,139.4599602,35.50460834
つきみ野  1,総合,大和市つきみ野1-1-40,,,回収地区2,A資源-毎月2・4回目木<BR>B資源-毎月1・3回目木<BR>容器包装プラ-毎週火,A資源、B資源、容器包装プラ,,031-H-5,139.4550524,35.50357394
つきみ野  2,総合（B）,大和市つきみ野1-4-25  メーラつきみ野II,,,回収地区2,B資源-毎月1・3回目木,B資源のみ,A資源・容器包装プラの回収はありません,032-B-2,139.4559028,35.50453338
つきみ野  6,総合（B）,大和市つきみ野1-8-5,,,回収地区2,B資源-毎月1・3回目木,B資源のみ,A資源・容器包装プラの回収はありません,032-G-2,139.4586582,35.50449484
つきみ野  9,総合,大和市つきみ野2-9  PCデポ駐車場,,,回収地区2,A資源ｰ毎月2・4回目木　B資源-毎月1・3回目木　容器包装プラｰ毎週火,A資源、B資源、容器包装プラ,,023-E-8,139.462194,35.50635638
つきみ野  12,総合,大和市つきみ野3-16  つきみ野4号公園,,,回収地区2,A資源-毎月2・4回目木<BR>B資源-毎月1・3回目木<BR>容器包装プラ-毎週火,A資源、B資源、容器包装プラ,,022-D-7,139.4571097,35.5067161
つきみ野  11,総合,大和市つきみ野3-30-1,,,回収地区2,A資源-毎月2・4回目木<BR>B資源-毎月1・3回目木<BR>容器包装プラ-毎週火,A資源、B資源、容器包装プラ,,022-G-9,139.4588029,35.50582588
つきみ野  17,総合（B）,大和市つきみ野3-9-18,,,回収地区2,B資源-毎月1・3回目木,B資源のみ,A資源・容器包装プラの回収はありません,022-C-3,139.4565914,35.50836586
つきみ野  14,総合,大和市つきみ野4-4  つきみ野8号公園,,,回収地区2,A資源-毎月2・4回目木<BR>B資源-毎月1・3回目木<BR>容器包装プラ-毎週火,A資源、B資源、容器包装プラ,,022-H-3,139.4594403,35.50867125
つきみ野  10,総合,大和市つきみ野4-9-25,,,回収地区2,A資源-毎月2・4回目木<BR>B資源-毎月1・3回目木<BR>容器包装プラ-毎週火,A資源、B資源、容器包装プラ,,023-B-5,139.4603137,35.50754535
つきみ野  25,総合（B）,大和市つきみ野5-15  リーデンスクエア,,,回収地区2,B資源-毎月1・3回目木,B資源のみ,A資源・容器包装プラの回収はありません,012-F-6,139.4585539,35.51155996
つきみ野  18,総合,大和市つきみ野5-7-3  つきみ野自治会館,,,回収地区2,A資源-毎月2・4回目木<BR>B資源-毎月1・3回目木<BR>容器包装プラ-毎週火,A資源、B資源、容器包装プラ,,012-B-10,139.4560487,35.50998909
つきみ野  19,総合（B）,大和市つきみ野6-1-72  駐車場,,,回収地区2,B資源-毎月1・3回目木,B資源のみ,A資源・容器包装プラの回収はありません,011-E-5,139.4532478,35.51212225
つきみ野  20,総合（B）,大和市つきみ野6-2  つきみ野6号公園,,,回収地区2,B資源-毎月1・3回目木,B資源のみ,A資源・容器包装プラの回収はありません,011-E-4,139.4530857,35.51274709
つきみ野  21,総合（B）,大和市つきみ野6-4-3,,,回収地区2,B資源-毎月1・3回目木,B資源のみ,A資源・容器包装プラの回収はありません,011-D-1,139.4527607,35.51418981
つきみ野  22,総合（B）,大和市つきみ野6-8-25,,,回収地区2,B資源-毎月1・3回目木,B資源のみ,A資源・容器包装プラの回収はありません,011-H-6,139.4548198,35.51187932
つきみ野  24,総合,大和市つきみ野7-1,,,回収地区2,A資源-毎月2・4回目木<BR>B資源-毎月1・3回目木<BR>容器包装プラ-毎週火,A資源、B資源、容器包装プラ,,012-A-5,139.4555503,35.51243294
つきみ野  28,総合,大和市つきみ野7-15  さくらの散歩道広場,,,回収地区2,A資源-毎月2・4回目木<BR>B資源-毎月1・3回目木<BR>容器包装プラ-毎週火,A資源、B資源、容器包装プラ,,005-H-9,139.455202,35.51473278
つきみ野  23,総合,大和市つきみ野7-3-2  つるの舞の里歴史資料館,,,回収地区2,A資源-毎月2・4回目木<BR>B資源-毎月1・3回目木<BR>容器包装プラ-毎週火,A資源、B資源、容器包装プラ,,011-F-2,139.4541465,35.51373775
つきみ野  29,総合（B）,大和市つきみ野8-11  つきみ野2号公園北東側,,,回収地区2,B資源-毎月1・3回目木,B資源のみ,A資源・容器包装プラの回収はありません,005-F-5,139.4538088,35.51682311
つきみ野  30,総合,大和市つきみ野8-11  つきみ野2号公園北西側,,,回収地区2,A資源-毎月2・4回目木<br>B資源-毎月1・3回目木<br>容器包装プラ-毎週火,A資源、B資源、容器包装プラ,,005-E-5,139.4532835,35.51667954
つきみ野  48,総合,大和市つきみ野8-14-43  清光ヒルズ,,,回収地区2,A資源-毎月2・4回目木<BR>B資源-毎月1・3回目木<BR>容器包装プラ-毎週火,A資源、B資源、容器包装プラ,,005-G-3,139.4543821,35.51744282
つきみ野  31,総合,大和市つきみ野8-2-1,,,回収地区2,A資源-毎月2・4回目木<br>B資源-毎月1・3回目木<br>容器包装プラ-毎週火,A資源、B資源、容器包装プラ,,005-C-9,139.4523171,35.51514949
つきみ野  32,総合,大和市つきみ野8-5-10,,,回収地区2,A資源-毎月2・4回目木<BR>B資源-毎月1・3回目木<BR>容器包装プラ-毎週火,A資源、B資源、容器包装プラ,,005-B-3,139.4516281,35.51761731
ふかみ会  1,総合,大和市深見台2-12-16  深見小学校,,,回収地区8,A資源-毎月2・4回目火<BR>B資源-毎月1・3回目火<BR>容器包装プラ-毎週金,A資源、B資源、容器包装プラ,,105-C-3,139.4702489,35.46815147
坊の窪  3,総合,大和市深見2047,,,回収地区8,A資源-毎月2・4回目火<BR>B資源-毎月1・3回目火<BR>容器包装プラ-毎週金,A資源、B資源、容器包装プラ,,112-B-6,139.4691984,35.47572304
むさしの会  2,総合,大和市上草柳9-19  子安3号公園,,,回収地区5,A資源-毎月1・3回目水<BR>B資源-毎月2・4回目水<BR>容器包装プラ-毎週木,A資源、B資源、容器包装プラ,,073-C-3,139.4434587,35.48186692
むさしの会  1,総合,大和市上草柳9-5-2  レオパレス鶴間台13,,,回収地区5,A資源-毎月1・3回目水<BR>B資源-毎月2・4回目水<BR>容器包装プラ-毎週木,A資源、B資源、容器包装プラ,,073-D-5,139.4441339,35.48062319
若葉会  7,総合,大和市柳橋2-24-4  山口荘,,,回収地区7,A資源-毎月1・3回目火<BR>B資源-毎月2・4回目火<BR>容器包装プラ-毎週金,A資源、B資源、容器包装プラ,,115-A-6,139.4600639,35.45768624
旭ヶ丘  4,総合,大和市渋谷1-5-6  (株)マルキンジャパン,,,回収地区10,A資源-毎月2・4回目金<br>B資源-毎月1・3回目金<br>容器包装プラ-毎週土,A資源、B資源、容器包装プラ,,144-D-10,139.4663766,35.43764497
旭ヶ丘  6,総合,大和市渋谷2-4-2  鳶片岡置場,,,回収地区10,A資源-毎月2・4回目金;br;B資源-毎月1・3回目金;br;容器包装プラ-毎週土,A資源、B資源、容器包装プラ,,144-B-10,139.4648895,35.43798493
旭ヶ丘  3,総合,大和市渋谷1-9-21  渋谷ココビル前線路側,,,回収地区10,A資源-毎月2・4回目金<BR>B資源-毎月1・3回目金<BR>容器包装プラ-毎週土,A資源、B資源、容器包装プラ,,152-B-1,139.46501,35.43743725
旭ヶ丘  1,総合,大和市渋谷1-3-9  旭ヶ丘自治会館,,,回収地区10,A資源-毎月2・4回目金<BR>B資源-毎月1・3回目金<BR>容器包装プラ-毎週土,A資源、B資源、容器包装プラ,,144-C-9,139.4658405,35.43841918
旭ヶ丘  5,総合,大和市渋谷1-6-7  イオン第4駐車場,,,回収地区10,A資源-毎月2・4回目金<BR>B資源-毎月1・3回目金<BR>容器包装プラ-毎週土,A資源、B資源、容器包装プラ,,152-D-3,139.4663388,35.43683941
旭ヶ丘  2,総合,大和市渋谷2-19  札の辻2号公園南側,,,回収地区10,A資源-毎月2・4回目金<BR>B資源-毎月1・3回目金<BR>容器包装プラ-毎週土,A資源、B資源、容器包装プラ,,151-G-2,139.4638099,35.43726702
慰霊塔公園  3,総合,大和市上草柳8-28-2,,,回収地区5,A資源-毎月1・3回目水<br>B資源-毎月2・4回目水<br>容器包装プラ-毎週木,A資源、B資源、容器包装プラ,,064-F-8,139.44963,35.48363346
慰霊塔公園  6,総合,大和市上草柳8-28-22,,,回収地区5,A資源-毎月1・3回目水<BR>B資源-毎月2・4回目水<BR>容器包装プラ-毎週木,A資源、B資源、容器包装プラ,,064-F-8,139.4492774,35.48389199
慰霊塔公園  1,総合,大和市西鶴間4-2  慰霊塔公園,,,回収地区5,A資源-毎月1・3回目水<br>B資源-毎月2・4回目水<br>容器包装プラ-毎週木,A資源、B資源、容器包装プラ,,064-E-2,139.4491927,35.48634654
慰霊塔公園  2,総合,大和市西鶴間4-8-30,,,回収地区5,A資源-毎月1・3回目水<BR>B資源-毎月2・4回目水<BR>容器包装プラ-毎週木,A資源、B資源、容器包装プラ,,064-D-6,139.4488353,35.48469278
慰霊塔公園  5,総合,大和市西鶴間4-7-28  慰霊塔公園自治会館,,,回収地区5,A資源-毎月1・3回目水<BR>B資源-毎月2・4回目水<BR>容器包装プラ-毎週木,A資源、B資源、容器包装プラ,,064-C-4,139.4479539,35.48556338
一之関  10,総合,大和市深見503-3  緊急保護センター,,,回収地区6,A資源-毎月2・4回目水<br>B資源-毎月1・3回目水<br>容器包装プラ-毎週木,A資源、B資源、容器包装プラ,,060-D-10,139.4661302,35.48755336
一之関  11,総合,大和市深見西7-5-1　大和中学校南側歩道,,,回収地区6,A資源-毎月2・4回目水<br>B資源-毎月1・3回目水<br>容器包装プラ-毎週木,A資源、B資源、容器包装プラ,,066-D-3,139.4573689,35.48590151
一之関  1,総合,大和市深見400,,,回収地区6,A資源-毎月2・4回目水<br>B資源-毎月1・3回目水<br>容器包装プラ-毎週木,A資源、B資源、容器包装プラ,,060-H-5,139.4680831,35.48982715
一之関  2,総合,大和市深見486  一之関自治会館,,,回収地区6,A資源-毎月2・4回目水<BR>B資源-毎月1・3回目水<BR>容器包装プラ-毎週木,A資源、B資源、容器包装プラ,,060-C-6,139.465667,35.48926018
千本桜  3,総合,大和市福田3375  福田6号橋,,,回収地区9,A資源-毎月1・3回目金<BR>B資源-毎月2・4回目金<BR>容器包装プラ-毎週土,A資源、B資源、容器包装プラ,,142-H-6,139.4599254,35.43987414
千本桜  4,総合,大和市福田3401  福田5号橋,,,回収地区9,A資源-毎月1・3回目金<BR>B資源-毎月2・4回目金<BR>容器包装プラ-毎週土,A資源、B資源、容器包装プラ,,143-C-4,139.4612647,35.44053998
千本桜  1,総合,大和市福田3610  田中4号公園,,,回収地区9,A資源-毎月1・3回目金<br>B資源-毎月2・4回目金<br>容器包装プラ-毎週土,A資源、B資源、容器包装プラ,,150-E-2,139.4578656,35.43716219
千本桜  6,総合,大和市福田3755  田中3号公園,,,回収地区9,A資源-毎月1・3回目金<BR>B資源-毎月2・4回目金<BR>容器包装プラ-毎週土,A資源、B資源、容器包装プラ,,142-F-9,139.4584305,35.43820078
資源回収扇野  1,総合,大和市上草柳460  サンプロト（株）,,,回収地区5,A資源-毎月1・3回目水<BR>B資源-毎月2・4回目水<BR>容器包装プラ-毎週木,A資源、B資源、容器包装プラ,,080-A-2,139.4380708,35.47747704
善光明  3,総合,大和市渋谷1-16-6,,,回収地区10,A資源-毎月2・4回目金<BR>B資源-毎月1・3回目金<BR>容器包装プラ-毎週土,A資源、B資源、容器包装プラ,,144-B-6,139.4652725,35.43957563
善光明  4,総合,大和市上和田1822-22  平田自動車,,,回収地区10,A資源-毎月2・4回目金<BR>B資源-毎月1・3回目金<BR>容器包装プラ-毎週土,A資源、B資源、容器包装プラ,,136-D-8,139.4666172,35.44336802
善光明  8,総合,大和市福田2369-2  ロイヤルステージ桜ヶ丘,,,回収地区10,A資源-毎月2・4回目金<BR>B資源-毎月1・3回目金<BR>容器包装プラ-毎週土,A資源、B資源、容器包装プラ,,136-D-10,139.4661243,35.44213734
善光明  7,総合,大和市福田2382  ダイアパレスアンジェロ桜ヶ丘,,,回収地区10,A資源-毎月2・4回目金<BR>B資源-毎月1・3回目金<BR>容器包装プラ-毎週土,A資源、B資源、容器包装プラ,,136-D-7,139.4663975,35.44368658
善光明  1,総合,大和市福田4-16  善光明会館,,,回収地区10,A資源-毎月2・4回目金<br>B資源-毎月1・3回目金<br>容器包装プラ-毎週土,A資源、B資源、容器包装プラ,,143-F-3,139.4633564,35.44114289
善光明  2,総合,大和市福田4-4  4号公園,,,回収地区10,A資源-毎月2・4回目金<br>B資源-毎月1・3回目金<br>容器包装プラ-毎週土,A資源、B資源、容器包装プラ,,144-A-3,139.4644571,35.44086865
善光明  9,総合,大和市福田4-7-4,,,回収地区10,A資源-毎月2・4回目金<BR>B資源-毎月1・3回目金<BR>容器包装プラ-毎週土,A資源、B資源、容器包装プラ,,144-A-6,139.4645117,35.43951888
相鉄上和田第一  1,総合,大和市上和田1244  宮久保一号公園,,,回収地区10,A資源-毎月2・4回目金<BR>B資源-毎月1・3回目金<BR>容器包装プラ-毎週土,A資源、B資源、容器包装プラ,,124-H-9,139.4774184,35.45188253
相鉄上和田第一  2,総合,大和市上和田441-3　バザール商店会内,,,回収地区10,A資源-毎月2・4回目金<BR>B資源-毎月1・3回目金<BR>容器包装プラ-毎週土,A資源、B資源、容器包装プラ,,124-D-4,139.4752537,35.45403395
相鉄上和田第三  1,総合,大和市上和田432-7  第一・第三自治会館向かい,,,回収地区10,A資源-毎月2・4回目金<br>B資源-毎月1・3回目金<br>容器包装プラ-毎週土,A資源、B資源、容器包装プラ,,118-A-9,139.473417,35.45625346
相鉄上和田第三  2,総合,大和市上和田606,,,回収地区10,A資源-毎月2・4回目金<BR>B資源-毎月1・3回目金<BR>容器包装プラ-毎週土,A資源、B資源、容器包装プラ,,124-C-3,139.4744661,35.45444415
相鉄上和田第四  1,総合,大和市上和田185  上和田第4自治会館前,,,回収地区10,A資源-毎月2・4回目金<BR>B資源-毎月1・3回目金<BR>容器包装プラ-毎週土,A資源、B資源、容器包装プラ,,117-F-5,139.4718781,35.45824079
相模大塚北  5,総合,大和市桜森3-11  桜森いこいポケットパーク,,,回収地区5,A資源-毎月1・3回目水<BR>B資源-毎月2・4回目水<BR>容器包装プラ-毎週木,A資源、B資源、容器包装プラ,,087-H-5,139.437394,35.47167237
相模大塚北  4,総合,大和市桜森3-15-6,,,回収地区5,A資源-毎月1・3回目水<BR>B資源-毎月2・4回目水<BR>容器包装プラ-毎週木,A資源、B資源、容器包装プラ,,088-C-1,139.439071,35.47329147
相模大塚北  3,総合,大和市桜森3-6-21,,,回収地区5,A資源-毎月1・3回目水<BR>B資源-毎月2・4回目水<BR>容器包装プラ-毎週木,A資源、B資源、容器包装プラ,,088-E-3,139.4400461,35.47245361
相模大塚北  1,総合,大和市桜森3-1-1先　北口,,,回収地区5,A資源-毎月1・3回目水;br;B資源-毎月2・4回目水;br;容器包装プラ-毎週木,A資源、B資源、容器包装プラ,拠点回収と同じ場所,088-E-6,139.4401507,35.47110294
相模大塚北  2,総合,大和市桜森3-9  桜森わいわい広場,,,回収地区5,A資源-毎月1・3回目水<BR>B資源-毎月2・4回目水<BR>容器包装プラ-毎週木,A資源、B資源、容器包装プラ,,088-C-4,139.4391192,35.47187316
草柳  3,総合,大和市草柳1-11  草柳2号公園,,,回収地区7,A資源-毎月1・3回目火<br>B資源-毎月2・4回目火<br>容器包装プラ-毎週金,A資源、B資源、容器包装プラ,,107-H-3,139.4554633,35.46390413
草柳  2,総合,大和市草柳1-22  横浜グランド,,,回収地区7,A資源-毎月1・3回目火<br>B資源-毎月2・4回目火<br>容器包装プラ-毎週金,A資源、B資源、容器包装プラ,,101-F-9,139.4539843,35.4655477
草柳  9,総合,大和市草柳1-22-1  テニスコート駐車場,,,回収地区7,A資源-毎月1・3回目火<BR>B資源-毎月2・4回目火<BR>容器包装プラ-毎週金,A資源、B資源、容器包装プラ,,101-E-4,139.4536018,35.46754879
草柳  1,総合,大和市草柳1-3  藤和シティホームズ大和パークサイドビュー,,,回収地区7,A資源-毎月1・3回目火<BR>B資源-毎月2・4回目火<BR>容器包装プラ-毎週金,A資源、B資源、容器包装プラ,,101-H-6,139.4551396,35.4666062
草柳  10,総合,大和市草柳1-6,,,回収地区7,A資源-毎月1・3回目火<br>B資源-毎月2・4回目火<br>容器包装プラ-毎週金,A資源、B資源、容器包装プラ,,102-B-10,139.4563416,35.46497973
草柳  8,総合,大和市草柳1-9-14,,,回収地区7,A資源-毎月1・3回目火<br>B資源-毎月2・4回目火<br>容器包装プラ-毎週金,A資源、B資源、容器包装プラ,,102-A-10,139.4557555,35.46480174
草柳  5,総合,大和市草柳2-16  草柳2号橋,,,回収地区7,A資源-毎月1・3回目火<br>B資源-毎月2・4回目火<br>容器包装プラ-毎週金,A資源、B資源、容器包装プラ,,108-C-10,139.4568445,35.46046215
草柳  4,総合,大和市草柳2-19-6  市川アパート,,,回収地区7,A資源-毎月1・3回目火<BR>B資源-毎月2・4回目火<BR>容器包装プラ-毎週金,A資源、B資源、容器包装プラ,,108-C-6,139.4571329,35.46228149
草柳  7,総合,大和市草柳2-19-4,,,回収地区7,A資源-毎月1・3回目火<br>B資源-毎月2・4回目火<br>容器包装プラ-毎週金,A資源、B資源、容器包装プラ,,108-C-8,139.4570848,35.46144695
草柳  6,総合,大和市草柳2-24 草柳3号橋,,,回収地区7,A資源-毎月1・3回目火<BR>B資源-毎月2・4回目火<BR>容器包装プラ-毎週金,A資源、B資源、容器包装プラ,,108-C-4,139.4566185,35.46307137
代官庭  6,総合,大和市代官1-11-11  （株）ニッコー,,,回収地区9,A資源-毎月1・3回目金<BR>B資源-毎月2・4回目金<BR>容器包装プラ-毎週土,A資源、B資源、容器包装プラ,,134-D-8,139.4573962,35.44363834
代官庭  4,総合,大和市代官2-3  代官2丁目公園南側出入り口付近,,,回収地区9,A資源-毎月1・3回目金<BR>B資源-毎月2・4回目金<BR>容器包装プラ-毎週土,A資源、B資源、容器包装プラ,,134-D-10,139.4576106,35.44235968
代官庭  9,総合,大和市代官1-15-2　サンピア小田急桜ケ丘,,,回収地区9,A資源-毎月1・3回目金<BR>B資源-毎月2・4回目金<BR>容器包装プラ-毎週土,A資源、B資源、容器包装プラ,,134-H-10,139.4596171,35.44231828
代官庭  5,総合,大和市代官1-4  代官一丁目公園,,,回収地区9,A資源-毎月1・3回目金<br>B資源-毎月2・4回目金<br>容器包装プラ-毎週土,A資源、B資源、容器包装プラ,,134-F-6,139.4587004,35.44413613
代官庭  2,総合,大和市福田6-4-10,,,回収地区9,A資源-毎月1・3回目金<br>B資源-毎月2・4回目金<br>容器包装プラ-毎週土,A資源、B資源、容器包装プラ,,135-C-10,139.4616495,35.44216173
代官庭  1,総合,大和市福田6-2-1  八幡山公園西側,,,回収地区9,A資源-毎月1・3回目金<br>B資源-毎月2・4回目金<br>容器包装プラ-毎週土,A資源、B資源、容器包装プラ,,135-A-7,139.4605298,35.4439521
大東  1,総合,大和市上草柳1-1  大和市営スポーツセンタープール西側,,,回収地区7,A資源-毎月1・3回目火<BR>B資源-毎月2・4回目火<BR>容器包装プラ-毎週金,A資源、B資源、容器包装プラ,,084-C-9,139.4570253,35.47407748
大東  2,総合,大和市上草柳2-13  上田荘隣り,,,回収地区7,A資源-毎月1・3回目火<BR>B資源-毎月2・4回目火<BR>容器包装プラ-毎週金,A資源、B資源、容器包装プラ,,091-F-1,139.4540677,35.47351007
大東  3,総合,大和市上草柳2-14  大東公園,,,回収地区7,A資源-毎月1・3回目火<BR>B資源-毎月2・4回目火<BR>容器包装プラ-毎週金,A資源、B資源、容器包装プラ,,083-E-9,139.4536552,35.47412976
大東  4,総合,大和市上草柳3-4,,,回収地区7,A資源-毎月1・3回目火<br>B資源-毎月2・4回目火<br>容器包装プラ-毎週金,A資源、B資源、容器包装プラ,,083-D-6,139.4529984,35.47557625
大和原  5,総合,大和市下鶴間2-11  大和原1号公園,,,回収地区6,A資源-毎月2・4回目水<BR>B資源-毎月1・3回目水<BR>容器包装プラ-毎週木,A資源、B資源、容器包装プラ,,059-E-3,139.4624629,35.49082242
大和原  4,総合,大和市下鶴間2-2  長堀2号公園西側,,,回収地区6,A資源-毎月2・4回目水<BR>B資源-毎月1・3回目水<BR>容器包装プラ-毎週木,A資源、B資源、容器包装プラ,,059-B-4,139.4605394,35.49069145
大和原  3,総合,大和市下鶴間2-3-29  大和原2号公園,,,回収地区6,A資源-毎月2・4回目水<br>B資源-毎月1・3回目水<br>容器包装プラ-毎週木,A資源、B資源、容器包装プラ,,059-A-5,139.460228,35.48968856
大和原  1,総合,大和市下鶴間2-5  大和原自治会館,,,回収地区6,A資源-毎月2・4回目水<BR>B資源-毎月1・3回目水<BR>容器包装プラ-毎週木,A資源、B資源、容器包装プラ,,059-D-8,139.4617906,35.48827599
大和原  2,総合,大和市下鶴間2-5-12  公園,,,回収地区6,A資源-毎月2・4回目水<BR>B資源-毎月1・3回目水<BR>容器包装プラ-毎週木,A資源、B資源、容器包装プラ,,059-B-7,139.4608288,35.48878874
大和原  7,総合,大和市下鶴間2750-7  ドメス大和,,,回収地区6,A資源-毎月2・4回目水<BR>B資源-毎月1・3回目水<BR>容器包装プラ-毎週木,A資源、B資源、容器包装プラ,,059-H-1,139.4637702,35.49142033
大和東一丁目  1,総合,大和市大和東1-7-3　公園内,,,回収地区8,A資源-毎月2・4回目火<BR>B資源-毎月1・3回目火<BR>容器包装プラ-毎週金,A資源、B資源、容器包装プラ,,093-F-8,139.4630263,35.47041621
大和東三丁目  1,総合（B）,大和市大和東3-2-8  イーストコープ,,,回収地区8,B資源-毎月1・3回目火,B資源のみ,A資源・容器包装プラの回収はありません,093-H-5　R6.4/30廃止,139.4638514,35.47162507
大和東三丁目  4,総合,大和市深見西2-4-2  （有）小林自動車,,,回収地区8,A資源-毎月2・4回目火<BR>B資源-毎月1・3回目火<BR>容器包装プラ-毎週金,A資源、B資源、容器包装プラ,,085-D-5,139.4617777,35.47599341
大和東三丁目  2,総合,大和市大和東3-7-11  大和東共同ビル,,,回収地区8,A資源-毎月2・4回目火<br>B資源-毎月1・3回目火<br>容器包装プラ-毎週金,A資源、B資源、容器包装プラ,,093-H-3,139.4636994,35.47275645
大和東伸和  1,総合,大和市大和東1-12-20  相模鉄道（株）大和変電所,,,回収地区8,A資源-毎月2・4回目火<BR>B資源-毎月1・3回目火<BR>容器包装プラ-毎週金,A資源、B資源、容器包装プラ,,094-F-7,139.4674814,35.47091165
大和東伸和  2,総合,大和市深見台4-1-16  伸和自治会館,,,回収地区8,A資源-毎月2・4回目火<BR>B資源-毎月1・3回目火<BR>容器包装プラ-毎週金,A資源、B資源、容器包装プラ,,094-D-5,139.4661338,35.47143311
大和東伸和  4,総合,大和市大和東1-9-20  ホンダカーズ向いプロムナード,,,回収地区8,A資源-毎月2・4回目火<BR>B資源-毎月1・3回目火<BR>容器包装プラ-毎週金,A資源、B資源、容器包装プラ,,094-B-9,139.4651481,35.46988385
大和東伸和  5,総合,大和市大和東3-5  駐車場,,,回収地区8,A資源-毎月2・4回目火<br>B資源-毎月1・3回目火<br>容器包装プラ-毎週金,A資源、B資源、容器包装プラ,,094-B-3,139.4648346,35.47237863
大和東伸和  3,総合,大和市大和東3-5-10  ロイヤルシティ大和前,,,回収地区8,A資源-毎月2・4回目火<BR>B資源-毎月1・3回目火<BR>容器包装プラ-毎週金,A資源、B資源、容器包装プラ,,094-A-2,139.4646818,35.47306959
大和南第一  1,総合,大和市大和南1-7-14  大和南自治会館,,,回収地区8,A資源-毎月2・4回目火<BR>B資源-毎月1・3回目火<BR>容器包装プラ-毎週金,A資源、B資源、容器包装プラ,,103-H-1,139.4640765,35.46901975
大和南第三  2,総合,大和市大和南2-8  大和南二丁目公園,,,回収地区8,A資源-毎月2・4回目火<BR>B資源-毎月1・3回目火<BR>容器包装プラ-毎週金,A資源、B資源、容器包装プラ,,103-H-7,139.4640123,35.46620931
大和南第三  3,総合,大和市大和南2-8-20  レジデンス光ヶ丘,,,回収地区8,A資源-毎月2・4回目火<BR>B資源-毎月1・3回目火<BR>容器包装プラ-毎週金,A資源、B資源、容器包装プラ,,104-B-7,139.4649285,35.4661526
大和南第四  1,総合,大和市大和南2-11  光ヶ丘中学校,,,回収地区8,A資源-毎月2・4回目火<BR>B資源-毎月1・3回目火<BR>容器包装プラ-毎週金,A資源、B資源、容器包装プラ,,110-C-2,139.4659305,35.46419754
大和南第二  2,総合,大和市深見台2-3-12  大和自治会館,,,回収地区8,A資源-毎月2・4回目火<BR>B資源-毎月1・3回目火<BR>容器包装プラ-毎週金,A資源、B資源、容器包装プラ,,104-G-4,139.4675056,35.467811
大和南第二  4,総合,大和市大和南1-12 -18  有料駐車場,,,回収地区8,A資源-毎月2・4回目火<BR>B資源-毎月1・3回目火<BR>容器包装プラ-毎週金,A資源、B資源、容器包装プラ,,104-B-2,139.4651642,35.46830844
谷戸頭  2,総合,大和市上和田1720  谷戸頭自治会館,,,回収地区10,A資源-毎月2・4回目金<BR>B資源-毎月1・3回目金<BR>容器包装プラ-毎週土,A資源、B資源、容器包装プラ,,131-B-5,139.4695799,35.44922899
谷戸頭  1,総合,大和市上和田1686  プリムラホーム向森林地,,,回収地区10,A資源-毎月2・4回目金<BR>B資源-毎月1・3回目金<BR>容器包装プラ-毎週土,A資源、B資源、容器包装プラ,,131-E-9,139.471557,35.44694229
谷戸頭  3,総合,大和市上和田1720  石垣内科付近,,,回収地区10,A資源-毎月2・4回目金<BR>B資源-毎月1・3回目金<BR>容器包装プラ-毎週土,A資源、B資源、容器包装プラ,,131-A-8,139.4692477,35.44789359
谷戸頭  4,総合,大和市上和田1694-20,,,回収地区10,A資源-毎月2・4回目金<BR>B資源-毎月1・3回目金<BR>容器包装プラ-毎週土,A資源、B資源、容器包装プラ,,131-D-9,139.4706087,35.44740049
大和会  1,総合,大和市中央3-9  やまと家電,,,回収地区7,A資源-毎月1・3回目火<BR>B資源-毎月2・4回目火<BR>容器包装プラ-毎週金,A資源、B資源、容器包装プラ,,092-A-2,139.4556269,35.47304316
中央一丁目  2,総合,大和市中央1-5  中央一丁目自治会館,,,回収地区8,A資源-毎月2・4回目火<br>B資源-毎月1・3回目火<br>容器包装プラ-毎週金,A資源、B資源、容器包装プラ,,103-D-6,139.461722,35.46669418
中央五丁目  3,総合,大和市中央5-12-11  中央五丁目自治会館,,,回収地区7,A資源-毎月1・3回目火<br>B資源-毎月2・4回目火<br>容器包装プラ-毎週金,A資源、B資源、容器包装プラ,,102-F-9,139.4583653,35.46557782
中央五丁目  4,総合,大和市中央5-13-14  大和中央宿舎,,,回収地区7,A資源-毎月1・3回目火<BR>B資源-毎月2・4回目火<BR>容器包装プラ-毎週金,A資源、B資源、容器包装プラ,,102-F-5,139.4584615,35.46688122
中央五丁目  2,総合,大和市中央5-17  市営やよい住宅,,,回収地区7,A資源-毎月1・3回目火<BR>B資源-毎月2・4回目火<BR>容器包装プラ-毎週金,A資源、B資源、容器包装プラ,,102-G-8,139.4589277,35.46599097
南林間東南  8,総合,大和市林間1-10-7  エスポワール南林間　南側,,,回収地区4,A資源-毎月2・4回目月<br>B資源-毎月1・3回目月<br>容器包装プラ-毎週水,A資源、B資源、容器包装プラ,,046-G-5,139.4501197,35.49420538
南林間東南  3,総合,大和市林間1-2-15　青秋桜（ブルーコスモス）,,,回収地区4,A資源-毎月2・4回目月<BR>B資源-毎月1・3回目月<BR>容器包装プラ-毎週水,A資源、B資源、容器包装プラ,,046-F-5,139.4499842,35.49407766
南林間東南  5,総合,大和市林間1-13-22　林間緑地公園,,,回収地区4,A資源-毎月2・4回目月<BR>B資源-毎月1・3回目月<BR>容器包装プラ-毎週水,A資源、B資源、容器包装プラ,,047-A・B-3,139.4514844,35.49503779
南林間東南  6,総合,大和市林間1-15-15  ヤスダマンション,,,回収地区4,A資源-毎月2・4回目月<BR>B資源-毎月1・3回目月<BR>容器包装プラ-毎週水,A資源、B資源、容器包装プラ,,047-D-2,139.4527917,35.49544804
南林間東南  9,総合,大和市林間1-15-38,,,回収地区4,A資源-毎月2・4回目月<BR>B資源-毎月1・3回目月<BR>容器包装プラ-毎週水,A資源、B資源、容器包装プラ,,047-D-5,139.4530168,35.49450105
南林間東南  7,総合,大和市林間1-18-15  ジュネパレス池田2,,,回収地区4,A資源-毎月2・4回目月<BR>B資源-毎月1・3回目月<BR>容器包装プラ-毎週水,A資源、B資源、容器包装プラ,,039-B-8,139.4522773,35.49730275
南林間東南  2,総合,大和市林間1-3-5  小田急南林間駐輪場,,,回収地区4,A資源-毎月2・4回目月<BR>B資源-毎月1・3回目月<BR>容器包装プラ-毎週水,A資源、B資源、容器包装プラ,,046-D-4,139.4486608,35.49465804
南林間東南  1,総合,大和市林間1-4  南林間駅東口,,,回収地区4,A資源-毎月2・4回目月<BR>B資源-毎月1・3回目月<BR>容器包装プラ-毎週水,A資源、B資源、容器包装プラ,,046-C-1,139.4481946,35.49580141
南林間東南  4,総合,大和市林間1-6  花岡動物病院向かい,,,回収地区4,A資源-毎月2・4回目月<BR>B資源-毎月1・3回目月<BR>容器包装プラ-毎週水,A資源、B資源、容器包装プラ,,046-H-1,139.4505413,35.49609386
南林間東北  9,総合,大和市林間2-1-25,,,回収地区4,A資源-毎月2・4回目月<BR>B資源-毎月1・3回目月<BR>容器包装プラ-毎週水,A資源、B資源、容器包装プラ,,038-D-9,139.4481945,35.4970408
南林間東北  1,総合,大和市林間2-19-5  CIVILオオサコ,,,回収地区4,A資源-毎月2・4回目月<BR>B資源-毎月1・3回目月<BR>容器包装プラ-毎週水,A資源、B資源、容器包装プラ,,038-E-7,139.4487892,35.49763868
南林間東北  7,総合,大和市林間2-22-29  駐車場,,,回収地区4,A資源-毎月2・4回目月<BR>B資源-毎月1・3回目月<BR>容器包装プラ-毎週水,A資源、B資源、容器包装プラ,,038-H-5,139.4508573,35.49893486
南林間東北  2,総合,大和市林間2-4-17,,,回収地区4,A資源-毎月2・4回目月<BR>B資源-毎月1・3回目月<BR>容器包装プラ-毎週水,A資源、B資源、容器包装プラ,,038-C-6,139.448007,35.49839364
南林間東北  4,総合,大和市林間2-6  林間1号公園,,,回収地区4,A資源-毎月2・4回目月<BR>B資源-毎月1・3回目月<BR>容器包装プラ-毎週水,A資源、B資源、容器包装プラ,,038-C-2,139.4479319,35.50020035
南林間東北  5,総合,大和市林間2-9-5  駐車場,,,回収地区4,A資源-毎月2・4回目月<BR>B資源-毎月1・3回目月<BR>容器包装プラ-毎週水,A資源、B資源、容器包装プラ,,030-E-10,139.4489124,35.50082443
南林間東北  8,総合,大和市下鶴間1783  子どもの広場,,,回収地区4,A資源-毎月2・4回目月<BR>B資源-毎月1・3回目月<BR>容器包装プラ-毎週水,A資源、B資源、容器包装プラ,,039-B-3,139.451945,35.49954585
南林間東北  13,総合,大和市下鶴間1783-278,,,回収地区4,A資源-毎月2・4回目月<BR>B資源-毎月1・3回目月<BR>容器包装プラ-毎週水,A資源、B資源、容器包装プラ,,039-D-3,139.4531344,35.49948042
南林間南  6,総合,大和市南林間1-7-9  南林間西口第三ビル,,,回収地区4,A資源-毎月2・4回目月<br>B資源-毎月1・3回目月<br>容器包装プラ-毎週水,A資源、B資源、容器包装プラ,,046-B-4,139.4473957,35.49461687
南林間南  4,総合,大和市西鶴間1-24  西鶴間一丁目公園,,,回収地区4,A資源-毎月2・4回目月<BR>B資源-毎月1・3回目月<BR>容器包装プラ-毎週水,A資源、B資源、容器包装プラ,,056-C-2,139.4476858,35.4911537
南林間南  1,総合,大和市西鶴間1-6  リンデンアパート隣 駐車場角,,,回収地区4,A資源-毎月2・4回目月<BR>B資源-毎月1・3回目月<BR>容器包装プラ-毎週水,A資源、B資源、容器包装プラ,,046-F-10,139.4498343,35.49207893
南林間南  5,総合,大和市西鶴間1-6-12　ホーユウパレス南林間第二,,,回収地区4,A資源-毎月2・4回目月<BR>B資源-毎月1・3回目月<BR>容器包装プラ-毎週水,A資源、B資源、容器包装プラ,,046-E-8,139.4491966,35.49289499
南林間南  3,総合,大和市南林間1-17-15　南林間自治会連合会会館,,,回収地区4,A資源-毎月2・4回目月<br>B資源-毎月1・3回目月<br>容器包装プラ-毎週水,A資源、B資源、容器包装プラ,,045-G-6,139.4459155,35.49378742
南林間北  8,総合,大和市南林間2-11-15  ダイアパレス南林間ステーションサイド,,,回収地区3,A資源-毎月1・3回目月<BR>B資源-毎月2・4回目月<BR>容器包装プラ-毎週水,A資源、B資源、容器包装プラ,,045-H-1,139.4463407,35.49599774
南林間北  5,総合,大和市南林間2-18-23  知能工作研究所,,,回収地区3,A資源-毎月1・3回目月<BR>B資源-毎月2・4回目月<BR>容器包装プラ-毎週水,A資源、B資源、容器包装プラ,,045-E-1,139.4445834,35.4959366
南林間北  1,総合,大和市南林間2-4-5  クリオ南林間 参番館,,,回収地区3,A資源-毎月1・3回目月<br>B資源-毎月2・4回目月<br>容器包装プラ-毎週水,A資源、B資源、容器包装プラ,,037-H-7,139.4463539,35.49780988
南林間北  3,総合,大和市南林間2-8  南林間フォーミーガーデン,,,回収地区3,A資源-毎月1・3回目月<BR>B資源-毎月2・4回目月<BR>容器包装プラ-毎週水,A資源、B資源、容器包装プラ,,037-G-8,139.4456549,35.4973113
南林間北  7,総合,大和市南林間3-10  南林間児童遊園,,,回収地区3,A資源-毎月1・3回目月<BR>B資源-毎月2・4回目月<BR>容器包装プラ-毎週水,A資源、B資源、容器包装プラ,,037-B-5,139.4429384,35.49858552
南林間北  2,総合,大和市南林間3-2  ロイヤルコート南林間の隣駐車場,,,回収地区3,A資源-毎月1・3回目月<BR>B資源-毎月2・4回目月<BR>容器包装プラ-毎週水,A資源、B資源、容器包装プラ,,037-G-5,139.4458852,35.49882126
南林間北  4,総合,大和市南林間3-5-22  南林間セントラルマンションNO1,,,回収地区3,A資源-毎月1・3回目月<BR>B資源-毎月2・4回目月<BR>容器包装プラ-毎週水,A資源、B資源、容器包装プラ,,037-D-5,139.443951,35.49853755
南林間北  6,総合,大和市南林間3-6-17  林間ハイツ,,,回収地区3,A資源-毎月1・3回目月<BR>B資源-毎月2・4回目月<BR>容器包装プラ-毎週水,A資源、B資源、容器包装プラ,,037-B-6,139.4430991,35.49794838
入村  2,総合,大和市深見3041,,,回収地区8,A資源-毎月2・4回目火<br>B資源-毎月1・3回目火<br>容器包装プラ-毎週金,A資源、B資源、容器包装プラ,,095-E-4,139.4710256,35.47191154
入村  1,総合,大和市深見台3-5  果樹園,,,回収地区8,A資源-毎月2・4回目火<BR>B資源-毎月1・3回目火<BR>容器包装プラ-毎週金,A資源、B資源、容器包装プラ,,095-E-8,139.4714811,35.47045571
梅ヶ丘  1,総合,大和市深見2242-10  緑地前の歩道,,,回収地区8,A資源-毎月2・4回目火<BR>B資源-毎月1・3回目火<BR>容器包装プラ-毎週金,A資源、B資源、容器包装プラ,,095-B-5,139.4694718,35.47176487
梅ヶ丘  2,総合,大和市深見台3-3-27,,,回収地区8,A資源-毎月2・4回目火<BR>B資源-毎月1・3回目火<BR>容器包装プラ-毎週金,A資源、B資源、容器包装プラ,,094-H-6,139.4684003,35.47110151
百合ヶ丘  2,総合,大和市上和田1-177  鉄塔下の旧ごみ停,,,回収地区10,A資源-毎月2・4回目金<br>B資源-毎月1・3回目金<br>容器包装プラ-毎週土,A資源、B資源、容器包装プラ,,116-H-4,139.4682601,35.45867465
百合ヶ丘  1,総合,大和市上和田48-1,,,回収地区10,A資源-毎月2・4回目金<br>B資源-毎月1・3回目金<br>容器包装プラ-毎週土,A資源、B資源、容器包装プラ,,116-G-5,139.4680257,35.45834919
富士見  3,総合,大和市上草柳2-5-7  フジコーポ,,,回収地区7,A資源-毎月1・3回目火<BR>B資源-毎月2・4回目火<BR>容器包装プラ-毎週金,A資源、B資源、容器包装プラ,,091-E-3,139.4537142,35.47258489
富士見  1,総合,大和市上草柳2-7-6,,,回収地区7,A資源-毎月1・3回目火<BR>B資源-毎月2・4回目火<BR>容器包装プラ-毎週金,A資源、B資源、容器包装プラ,,091-D-3,139.4528301,35.47243212
富士見  4,総合,大和市上草柳2-9-3  下草柳ちびっこ広場（赤い羽根子供の遊び場入口）,,,回収地区7,A資源-毎月1・3回目火<BR>B資源-毎月2・4回目火<BR>容器包装プラ-毎週金,A資源、B資源、容器包装プラ,,091-C-1,139.4523834,35.47353377
富士見ヶ丘  3,総合,大和市福田1-18斜め前　やなぎ橋高架下,,,回収地区9,A資源-毎月1・3回目金<BR>B資源-毎月2・4回目金<BR>容器包装プラ-毎週土,A資源、B資源、容器包装プラ,,121-H-7,139.4643054,35.45272912
富士見ヶ丘  4,総合,大和市福田1-15-3  ハイツ石打,,,回収地区9,A資源-毎月1・3回目金<BR>B資源-毎月2・4回目金<BR>容器包装プラ-毎週土,A資源、B資源、容器包装プラ,,121-G-9,139.4631663,35.4516945
富士見ヶ丘  1,総合,大和市福田1-4-5  山下ビル(桜ヶ丘西口駐輪場前),,,回収地区9,A資源-毎月1・3回目金<BR>B資源-毎月2・4回目金<BR>容器包装プラ-毎週土,A資源、B資源、容器包装プラ,,122-B-9,139.4650898,35.4519433
富士見ヶ丘  5,総合,大和市福田8-8-6  福田神社東側,,,回収地区9,A資源-毎月1・3回目金<BR>B資源-毎月2・4回目金<BR>容器包装プラ-毎週土,A資源、B資源、容器包装プラ,,121-D-8,139.4621001,35.45223562
文化  4,総合,大和市上草柳8-14-16,,,回収地区5,A資源-毎月1・3回目水<BR>B資源-毎月2・4回目水<BR>容器包装プラ-毎週木,A資源、B資源、容器包装プラ,,074-D-2,139.4488006,35.48208963
文化  1,総合,大和市上草柳8-3  緑の広場44号,,,回収地区5,A資源-毎月1・3回目水<br>B資源-毎月2・4回目水<br>容器包装プラ-毎週木,A資源、B資源、容器包装プラ,,074-C-4,139.4480553,35.48116979
文化  5,総合,大和市上草柳8-3-2,,,回収地区5,A資源-毎月1・3回目水<BR>B資源-毎月2・4回目水<BR>容器包装プラ-毎週木,A資源、B資源、容器包装プラ,,074-E-5,139.4488864,35.48068877
文化西  2,総合,大和市西鶴間4-16-8  大和タオル商会の向い側,,,回収地区5,A資源-毎月1・3回目水<br>B資源-毎月2・4回目水<br>容器包装プラ-毎週木,A資源、B資源、容器包装プラ,,064-A-8,139.4469964,35.48361439
文化西  1,総合,大和市西鶴間4-5  西鶴間四丁目児童遊園,,,回収地区5,A資源-毎月1・3回目水<BR>B資源-毎月2・4回目水<BR>容器包装プラ-毎週木,A資源、B資源、容器包装プラ,,064-B-5,139.4476806,35.48534953
坊の窪  2,総合,大和市深見2279,,,回収地区8,A資源-毎月2・4回目火<BR>B資源-毎月1・3回目火<BR>容器包装プラ-毎週金,A資源、B資源、容器包装プラ,,095-A-1,139.4690324,35.4735192
坊の窪  1,総合,大和市深見3017  八坂神社,,,回収地区8,A資源-毎月2・4回目火<BR>B資源-毎月1・3回目火<BR>容器包装プラ-毎週金,A資源、B資源、容器包装プラ,,095-D-4,139.470463,35.47196128
柳会  1,総合,大和市上草柳9-10  子安2号公園,,,回収地区5,A資源-毎月1・3回目水<BR>B資源-毎月2・4回目水<BR>容器包装プラ-毎週木,A資源、B資源、容器包装プラ,,073-G-2,139.4457894,35.48223356
柳会  2,総合,大和市上草柳9-4-8,,,回収地区5,A資源-毎月1・3回目水<BR>B資源-毎月2・4回目水<BR>容器包装プラ-毎週木,A資源、B資源、容器包装プラ,,073-F-6,139.4451841,35.48036137
柳橋  11,総合,大和市柳橋5-13-13  （株）タセト化学,,,回収地区7,A資源-毎月1・3回目火<BR>B資源-毎月2・4回目火<BR>容器包装プラ-毎週金,A資源、B資源、容器包装プラ,,119-H-9,139.4551348,35.45207833
柳橋  2,総合,大和市柳橋2-1-3  ガス整圧器,,,回収地区7,A資源-毎月1・3回目火<BR>B資源-毎月2・4回目火<BR>容器包装プラ-毎週金,A資源、B資源、容器包装プラ,,116-D-3,139.4661397,35.45916145
柳橋  4,総合,大和市柳橋2-14-4  小田急コアロード桜ヶ丘南側,,,回収地区7,A資源-毎月1・3回目火<BR>B資源-毎月2・4回目火<BR>容器包装プラ-毎週金,A資源、B資源、容器包装プラ,,115-H-8,139.464152,35.4564906
柳橋  1,総合,大和市柳橋2-17  柳橋1号公園,,,回収地区7,A資源-毎月1・3回目火<br>B資源-毎月2・4回目火<br>容器包装プラ-毎週金,A資源、B資源、容器包装プラ,,115-H-6,139.4639528,35.4581419
柳橋  3,総合,大和市柳橋2-9-10　柳橋東和マンション西側歩道,,,回収地区7,A資源-毎月1・3回目火<br>B資源-毎月2・4回目火<br>容器包装プラ-毎週金,A資源、B資源、容器包装プラ,,116-A-8,139.4646165,35.45679187
柳橋  7,総合,大和市柳橋3-12-11  朝日プラザ桜ヶ丘NO.2,,,回収地区7,A資源-毎月1・3回目火<BR>B資源-毎月2・4回目火<BR>容器包装プラ-毎週金,A資源、B資源、容器包装プラ,,122-B-5,139.4650469,35.45361909
柳橋  5,総合,大和市柳橋3-4  さくら公園,,,回収地区7,A資源-毎月1・3回目火<br>B資源-毎月2・4回目火<br>容器包装プラ-毎週金,A資源、B資源、容器包装プラ,,122-B-1,139.4649937,35.45535024
柳橋  9,総合,大和市柳橋3-5-18  カーサポニータ大和,,,回収地区7,A資源-毎月1・3回目火<br>B資源-毎月2・4回目火<br>容器包装プラ-毎週金,A資源、B資源、容器包装プラ,,122-A-2,139.4644225,35.45525044
富士見ヶ丘  6,総合,大和市福田1-30-1  桜ヶ丘学習センター北側道路,,,回収地区9,A資源-毎月1・3回目金<br>B資源-毎月2・4回目金<br>容器包装プラ-毎週土,A資源、B資源、容器包装プラ,,129-E-1,139.4624922,35.45087488
光丘  6,総合,大和市深見3890  エスポワール光丘,,,回収地区8,A資源-毎月2・4回目火<BR>B資源-毎月1・3回目火<BR>容器包装プラ-毎週金,A資源、B資源、容器包装プラ,,110-E-9,139.466804,35.46089399
光丘  1,総合,大和市深見3927-2  山王塚公園（なかよし公園）,,,回収地区8,A資源-毎月2・4回目火<BR>B資源-毎月1・3回目火<BR>容器包装プラ-毎週金,A資源、B資源、容器包装プラ,,110-D-7,139.4662493,35.46193544
公所  4,総合,大和市下鶴間145  定法寺東側,,,回収地区2,A資源-毎月2・4回目木<BR>B資源-毎月1・3回目木<BR>容器包装プラ-毎週火,A資源、B資源、容器包装プラ,,008-E-2,139.4620975,35.51775287
公所  10A,総合,大和市下鶴間181　階段下,,,回収地区2,A資源-毎月2・4回目木<BR>B資源-毎月1・3回目木<BR>容器包装プラ-毎週火,A資源、B資源,,006-C-1,139.456694,35.51835278
公所  1,総合,大和市下鶴間24  公所公園,,,回収地区2,A資源-毎月2・4回目木<BR>B資源-毎月1・3回目木<BR>容器包装プラ-毎週火,A資源、B資源、容器包装プラ,,006-D-2,139.4570377,35.51791655
公所  5,総合,大和市下鶴間265  駐車場,,,回収地区2,A資源-毎月2・4回目木<BR>B資源-毎月1・3回目木<BR>容器包装プラ-毎週火,A資源、B資源、容器包装プラ,,008-G-8,139.4631862,35.5154999
公所  14,総合,大和市下鶴間295付近  国道16号高架下,,,回収地区2,A資源-毎月2・4回目木<BR>B資源-毎月1・3回目木<BR>容器包装プラ-毎週火,A資源、B資源、容器包装プラ,,013-G-2,139.4634104,35.51364199
公所  17,総合,大和市下鶴間378  公所浅間橋,,,回収地区2,A資源-毎月2・4回目木<br>B資源-毎月1・3回目木<br>容器包装プラ-毎週火,A資源、B資源、容器包装プラ,,008-D-5,139.4613646,35.51688423
公所  2,総合,大和市下鶴間392  第1分団,,,回収地区2,A資源-毎月2・4回目木<br>B資源-毎月1・3回目木<br>容器包装プラ-毎週火,A資源、B資源、容器包装プラ,,008-B-6,139.4603771,35.51613919
公所  3,総合,大和市下鶴間526-1　つきみ野サンモリッツ,,,回収地区2,A資源-毎月2・4回目木<br>B資源-毎月1・3回目木<br>容器包装プラ-毎週火,A資源、B資源、容器包装プラ,,013-A-5,139.4597706,35.51210593
公所  6,総合,大和市下鶴間603,,,回収地区2,A資源-毎月2・4回目木<BR>B資源-毎月1・3回目木<BR>容器包装プラ-毎週火,A資源、B資源、容器包装プラ,,013-G-7,139.4636998,35.51122868
公所  15,総合,大和市下鶴間739-3,,,回収地区2,A資源-毎月2・4回目木<br>B資源-毎月1・3回目木<br>容器包装プラ-毎週火,A資源、B資源、容器包装プラ,,013-H-10,139.4638285,35.50999747
公所  12,総合,大和市下鶴間727-28,,,回収地区2,A資源-毎月2・4回目木<BR>B資源-毎月1・3回目木<BR>容器包装プラ-毎週火,A資源、B資源、容器包装プラ,,013-E-10,139.4625586,35.50995436
公所  8,総合,大和市下鶴間80  つきみ野わいわい公園,,,回収地区2,A資源-毎月2・4回目木<BR>B資源-毎月1・3回目木<BR>容器包装プラ-毎週火,A資源、B資源、容器包装プラ,,006-F-7,139.4581756,35.51579768
江の電  1,総合,大和市柳橋3-22  高雄公園,,,回収地区7,A資源-毎月1・3回目火<BR>B資源-毎月2・4回目火<BR>容器包装プラ-毎週金,A資源、B資源、容器包装プラ,,115-F-10,139.4627054,35.45571377
高等町第二  23,総合,大和市福田1684  みどりが丘幼稚園スポーツクラブ,,,回収地区10,A資源-毎月2・4回目金<BR>B資源-毎月1・3回目金<BR>容器包装プラ-毎週土,A資源、B資源、容器包装プラ,,160-A-9,139.4645228,35.42915866
高等町第四  25,総合,大和市渋谷5-11  渋谷1号公園西側,,,回収地区10,A資源-毎月2・4回目金<BR>B資源-毎月1・3回目金<BR>容器包装プラ-毎週土,A資源、B資源、容器包装プラ,,151-F-6,139.4630545,35.43524645
高等町第四  27,総合,大和市渋谷5-35　渋谷3号公園南西角,,,回収地区10,A資源-毎月2・4回目金<BR>B資源-毎月1・3回目金<BR>容器包装プラ-毎週土,A資源、B資源、容器包装プラ,,159-E-1,139.4623312,35.43311678
高等町第四  24,総合,大和市渋谷8-16-5　十軒家橋　線路沿い,,,回収地区10,A資源-毎月2・4回目金<BR>B資源-毎月1・3回目金<BR>容器包装プラ-毎週土,A資源、B資源、容器包装プラ,,159-C-6,139.4618277,35.43093475
高等町第一  19,総合,大和市下和田1243  内野ハイツ,,,回収地区10,A資源-毎月2・4回目金<BR>B資源-毎月1・3回目金<BR>容器包装プラ-毎週土,A資源、B資源、容器包装プラ,,152-G-9,139.4679838,35.43409011
高等町第一  17,総合,大和市下和田1261,,,回収地区10,A資源-毎月2・4回目金<BR>B資源-毎月1・3回目金<BR>容器包装プラ-毎週土,A資源、B資源、容器包装プラ,,160-G-1,139.4677428,35.43284636
高等町第一  20,総合,大和市下和田1278  Yフラット,,,回収地区10,A資源-毎月2・4回目金<BR>B資源-毎月1・3回目金<BR>容器包装プラ-毎週土,A資源、B資源、容器包装プラ,,152-H-7,139.4683642,35.43490183
高等町第一  18,総合,大和市下和田1291  コーポコトブキ,,,回収地区10,A資源-毎月2・4回目金<BR>B資源-毎月1・3回目金<BR>容器包装プラ-毎週土,A資源、B資源、容器包装プラ,,153-A-9,139.4692911,35.43388504
高等町第二  15,総合,大和市渋谷7-13-8,,,回収地区10,A資源-毎月2・4回目金<BR>B資源-毎月1・3回目金<BR>容器包装プラ-毎週土,A資源、B資源、容器包装プラ,,160-E-9,139.4671803,35.42921983
高等町第二  16,総合,大和市渋谷7-18　渋谷5号公園東側,,,回収地区10,A資源-毎月2・4回目金<BR>B資源-毎月1・3回目金<BR>容器包装プラ-毎週土,A資源、B資源、容器包装プラ,,160-F-7,139.4673892,35.43041558
高等町第一  30,総合,大和市渋谷6-1-1,,,回収地区10,A資源-毎月2・4回目金<BR>B資源-毎月1・3回目金<BR>容器包装プラ-毎週土,A資源、B資源、容器包装プラ,,152-D-4,139.4665585,35.43620663
高等町第四  5,総合,大和市渋谷5-11　渋谷1号公園東側,,,回収地区10,A資源-毎月2・4回目金<BR>B資源-毎月1・3回目金<BR>容器包装プラ-毎週土,A資源、B資源、容器包装プラ,,151-F-6,139.4633438,35.43536429
高等町第三  2,総合,大和市渋谷6-4-5　駐車場前の線路側,,,回収地区10,A資源-毎月2・4回目金<BR>B資源-毎月1・3回目金<BR>容器包装プラ-毎週土,A資源、B資源、容器包装プラ,,152-A-5,139.4649167,35.43555756
高等町第二  14,総合,大和市福田1689-3　フラット富蔵,,,回収地区10,A資源-毎月2・4回目金<br>B資源-毎月1・3回目金<br>容器包装プラ-毎週土,A資源、B資源、容器包装プラ,,160-C-10,139.4658461,35.42899112
高等町第二  13,総合,大和市渋谷7-22-9　小田急沿い,,,回収地区10,A資源-毎月2・4回目金<BR>B資源-毎月1・3回目金<BR>容器包装プラ-毎週土,A資源、B資源、容器包装プラ,,160-A-7,139.4648817,35.43008385
高等町第二  10,総合,大和市渋谷7-10　渋谷小学校南西角,,,回収地区10,A資源-毎月2・4回目金<BR>B資源-毎月1・3回目金<BR>容器包装プラ-毎週土,A資源、B資源、容器包装プラ,,160-D-6,139.4663069,35.43093487
高等町第三  22,総合,大和市渋谷6-13-4　穴守稲荷神社横,,,回収地区10,A資源-毎月2・4回目金<BR>B資源-毎月1・3回目金<BR>容器包装プラ-毎週土,A資源、B資源、容器包装プラ,,152-C-10,139.4656049,35.4330645
高等町第三  4,総合,大和市渋谷6-17-7　駐輪場前の線路側,,,回収地区10,A資源-毎月2・4回目金<BR>B資源-毎月1・3回目金<BR>容器包装プラ-毎週土,A資源、B資源、容器包装プラ,,152-A-9,139.4648173,35.43359253
高等町第四  28,総合,大和市渋谷5-35　渋谷3号公園東北角,,,回収地区10,A資源-毎月2・4回目金<BR>B資源-毎月1・3回目金<BR>容器包装プラ-毎週土,A資源、B資源、容器包装プラ,,151-F-10,139.4628938,35.433335
高等町第四  26,総合,大和市渋谷8-12-5　線路沿い,,,回収地区10,A資源-毎月2・4回目金<br>B資源-毎月1・3回目金<br>容器包装プラ-毎週土,A資源、B資源、容器包装プラ,,159-F-5,139.462929,35.43135578
坂上  2,総合,大和市下鶴間1853  坂上自治会館,,,回収地区4,A資源-毎月2・4回目月<BR>B資源-毎月1・3回目月<BR>容器包装プラ-毎週水,A資源、B資源、容器包装プラ,,033-C-10,139.461107,35.50092949
坂上  4,総合,大和市下鶴間1784  （有）ミツミ商事,,,回収地区4,A資源-毎月2・4回目月<BR>B資源-毎月1・3回目月<BR>容器包装プラ-毎週水,A資源、B資源、容器包装プラ,,030-H-9,139.4507662,35.50115178
坂上  3,総合,大和市下鶴間1828  坂上公園,,,回収地区4,A資源-毎月2・4回目月<BR>B資源-毎月1・3回目月<BR>容器包装プラ-毎週水,A資源、B資源、容器包装プラ,,040-E-1,139.45756,35.50044935
坂上  10,総合,大和市下鶴間1897-4  坂上橋,,,回収地区4,A資源-毎月2・4回目月<br>B資源-毎月1・3回目月<br>容器包装プラ-毎週水,A資源、B資源、容器包装プラ,,032-H-7,139.4593377,35.50251829
坂上  6,総合,大和市下鶴間2518-14,,,回収地区4,A資源-毎月2・4回目月<BR>B資源-毎月1・3回目月<BR>容器包装プラ-毎週水,A資源、B資源、容器包装プラ,,041-G-1,139.4631858,35.50051496
坂上  1,総合,大和市下鶴間2901  サニーコートサカウエ,,,回収地区4,A資源-毎月2・4回目月<br>B資源-毎月1・3回目月<br>容器包装プラ-毎週水,A資源、B資源、容器包装プラ,,041-D-4,139.4618526,35.49899096
桜ヶ丘  17,総合,大和市上和田1733  やさしさふれあい広場,,,回収地区10,A資源-毎月2・4回目金<BR>B資源-毎月1・3回目金<BR>容器包装プラ-毎週土,A資源、B資源、容器包装プラ,,130-H-4,139.4685511,35.44927261
桜ヶ丘  7,総合,大和市上和田1775,,,回収地区10,A資源-毎月2・4回目金<br>B資源-毎月1・3回目金<br>容器包装プラ-毎週土,A資源、B資源、容器包装プラ,,130-G-6,139.4676559,35.44856147
桜ヶ丘  5,総合,大和市上和田1011-5  宝幸水産(株)北側(梅田製版前),,,回収地区10,A資源-毎月2・4回目金<br>B資源-毎月1・3回目金<br>容器包装プラ-毎週土,A資源、B資源、容器包装プラ,,131-C-3,139.4703991,35.45032525
桜ヶ丘  1,総合,大和市上和田741  駐車場,,,回収地区10,A資源-毎月2・4回目金<BR>B資源-毎月1・3回目金<BR>容器包装プラ-毎週土,A資源、B資源、容器包装プラ,,116-F-10,139.46719,35.45578371
桜ヶ丘  3,総合,大和市上和田848  桜ヶ丘小学校西,,,回収地区10,A資源-毎月2・4回目金<BR>B資源-毎月1・3回目金<BR>容器包装プラ-毎週土,A資源、B資源、容器包装プラ,,122-G-7,139.4677902,35.45284673
桜ヶ丘  15,総合,大和市上和田958  金毘羅神社,,,回収地区10,A資源-毎月2・4回目金<BR>B資源-毎月1・3回目金<BR>容器包装プラ-毎週土,A資源、B資源、容器包装プラ,,130-E-2,139.4670348,35.45059487
桜ヶ丘  6,総合,大和市上和田987  桜並木歩道橋下,,,回収地区10,A資源-毎月2・4回目金<BR>B資源-毎月1・3回目金<BR>容器包装プラ-毎週土,A資源、B資源、容器包装プラ,,130-G-4,139.467726,35.44972644
桜ヶ丘  4,総合,大和市上和田983-2　桜並木遊歩道,,,回収地区10,A資源-毎月2・4回目金<BR>B資源-毎月1・3回目金<BR>容器包装プラ-毎週土,A資源、B資源、容器包装プラ,,130-G-2,139.4677742,35.45039851
桜ヶ丘  8,総合,大和市福田2580-6,,,回収地区10,A資源-毎月2・4回目金<BR>B資源-毎月1・3回目金<BR>容器包装プラ-毎週土,A資源、B資源、容器包装プラ,,136-C-3,139.4656419,35.44549764
桜ヶ丘  9,総合,大和市福田2598  グリーンコーポ桜ヶ丘南側,,,回収地区10,A資源-毎月2・4回目金<br>B資源-毎月1・3回目金<br>容器包装プラ-毎週土,A資源、B資源、容器包装プラ,,130-E-10,139.4666474,35.44672305
桜ヶ丘  10,総合,大和市福田2609  大矢荘駐車場,,,回収地区10,A資源-毎月2・4回目金<BR>B資源-毎月1・3回目金<BR>容器包装プラ-毎週土,A資源、B資源、容器包装プラ,,130-C-8,139.4657812,35.44769275
桜ヶ丘  11,総合,大和市福田5506  駐車場,,,回収地区10,A資源-毎月2・4回目金<BR>B資源-毎月1・3回目金<BR>容器包装プラ-毎週土,A資源、B資源、容器包装プラ,,130-C-6,139.4658936,35.44859611
桜ヶ丘  12,総合,大和市福田5511-1  市役所桜ヶ丘連絡所駐車場,,,回収地区10,A資源-毎月2・4回目金<BR>B資源-毎月1・3回目金<BR>容器包装プラ-毎週土,A資源、B資源、容器包装プラ,,130-D-4,139.4661401,35.44942528
桜ヶ丘  2,総合,大和市福田5671,,,回収地区10,A資源-毎月2・4回目金<BR>B資源-毎月1・3回目金<BR>容器包装プラ-毎週土,A資源、B資源、容器包装プラ,,122-D-5,139.4666034,35.45351658
桜ヶ丘親和会  1,総合,大和市上和田1753-2  セジュール桜ヶ丘,,,回収地区10,A資源-毎月2・4回目金<BR>B資源-毎月1・3回目金<BR>容器包装プラ-毎週土,A資源、B資源、容器包装プラ,,130-H-7,139.4687334,35.44820342
桜ヶ丘親和会  6,総合,大和市上和田1829-22  親和会防災倉庫,,,回収地区10,A資源-毎月2・4回目金<BR>B資源-毎月1・3回目金<BR>容器包装プラ-毎週土,A資源、B資源、容器包装プラ,,136-F-4,139.467678,35.44514857
桜ヶ丘親和会  7,総合,大和市上和田1876-22　グレーシア前,,,回収地区10,A資源-毎月2・4回目金<br>B資源-毎月1・3回目金<br>容器包装プラ-毎週土,A資源、B資源、容器包装プラ,,136-G-1,139.4682828,35.44650512
桜ヶ丘親和会  4,総合,大和市上和田1848-10,,,回収地区10,A資源-毎月2・4回目金<BR>B資源-毎月1・3回目金<BR>容器包装プラ-毎週土,A資源、B資源、容器包装プラ,,136-H-5,139.4687603,35.44445472
桜ヶ丘親和会  3,総合,大和市上和田1864-14,,,回収地区10,A資源-毎月2・4回目金<BR>B資源-毎月1・3回目金<BR>容器包装プラ-毎週土,A資源、B資源、容器包装プラ,,137-D-6,139.4706624,35.44435003
桜ヶ丘親和会  5,総合,大和市上和田1852,,,回収地区10,A資源-毎月2・4回目金<br>B資源-毎月1・3回目金<br>容器包装プラ-毎週土,A資源、B資源、容器包装プラ,,137-A-4,139.4690371,35.44527378
桜ヶ丘親和会  2,総合,大和市上和田1850-14,,,回収地区10,A資源-毎月2・4回目金<BR>B資源-毎月1・3回目金<BR>容器包装プラ-毎週土,A資源、B資源、容器包装プラ,,137-A-3,139.4692383,35.44596661
桜森  10,総合,大和市桜森2-12-6  ウィンベルソロ相模大塚,,,回収地区5,A資源-毎月1・3回目水<br>B資源-毎月2・4回目水<br>容器包装プラ-毎週木,A資源、B資源、容器包装プラ,,088-B-7,139.4385175,35.47050664
桜森  6,総合,大和市桜森2-2,,,回収地区5,A資源-毎月1・3回目水<BR>B資源-毎月2・4回目水<BR>容器包装プラ-毎週木,A資源、B資源、容器包装プラ,,088-G-8,139.4412872,35.4703206
桜森  3,総合,大和市桜森2-14-24,,,回収地区5,A資源-毎月1・3回目水<BR>B資源-毎月2・4回目水<BR>容器包装プラ-毎週木,A資源、B資源、容器包装プラ,,088-C-9,139.43898,35.4696475
桜森  2,総合,大和市桜森1-9,,,回収地区5,A資源-毎月1・3回目水<BR>B資源-毎月2・4回目水<BR>容器包装プラ-毎週木,A資源、B資源、容器包装プラ,,098-G-2,139.4415117,35.46860675
桜森  12,総合,大和市桜森1-12-11  エイサンス古谷田駐車場,,,回収地区5,A資源-毎月1・3回目水<BR>B資源-毎月2・4回目水<BR>容器包装プラ-毎週木,A資源、B資源、容器包装プラ,,098-D-4,139.4398996,35.46748474
桜森  1,総合,大和市桜森1-2,,,回収地区5,A資源-毎月1・3回目水<BR>B資源-毎月2・4回目水<BR>容器包装プラ-毎週木,A資源、B資源、容器包装プラ,R7.2.6 カラスなどの被害により廃止,099-B-1,139.4445416,35.46873557
桜森  7,総合,大和市桜森1-7-10  ヴェルヌーブ,,,回収地区5,A資源-毎月1・3回目水<BR>B資源-毎月2・4回目水<BR>容器包装プラ-毎週木,A資源、B資源、容器包装プラ,,099-C-4,139.443686,35.46749232
桜森  11,総合,大和市桜森2-20-19  いこいの場公園,,,回収地区5,A資源-毎月1・3回目水<BR>B資源-毎月2・4回目水<BR>容器包装プラ-毎週木,A資源、B資源、容器包装プラ,,097-H-3,139.4377123,35.46795607
桜川  1,総合,大和市福田7-24  御嶽橋,,,回収地区9,A資源-毎月1・3回目金<br>B資源-毎月2・4回目金<br>容器包装プラ-毎週土,A資源、B資源、容器包装プラ,,128-H-7,139.4596565,35.44835459
札の辻  3,総合,大和市福田2174  駐車場西側,,,回収地区9,A資源-毎月1・3回目金<BR>B資源-毎月2・4回目金<BR>容器包装プラ-毎週土,A資源、B資源、容器包装プラ,,151-A-3,139.4606487,35.43632867
島津  4,総合,大和市深見東3-8  木もれ日公園東側,,,回収地区6,A資源-毎月2・4回目水<BR>B資源-毎月1・3回目水<BR>容器包装プラ-毎週木,A資源、B資源、容器包装プラ,,078-A-1,139.4642046,35.48239552
東原南  5,総合,大和市上草柳3-10-8  善徳寺駐車場向い,,,回収地区7,A資源-毎月1・3回目火<BR>B資源-毎月2・4回目火<BR>容器包装プラ-毎週金,A資源、B資源、容器包装プラ,,082-H-5,139.4507136,35.47599312
東原南  4,総合,大和市上草柳3-14,,,回収地区7,A資源-毎月1・3回目火<BR>B資源-毎月2・4回目火<BR>容器包装プラ-毎週金,A資源、B資源、容器包装プラ,,083-D-5,139.4527174,35.47629866
東原南  3,総合,大和市上草柳3-15-1  消防・防災資材倉庫,,,回収地区7,A資源-毎月1・3回目火<br>B資源-毎月2・4回目火<br>容器包装プラ-毎週金,A資源、B資源、容器包装プラ,,083-G-5,139.4544105,35.47621752
東原南  7,総合,大和市上草柳3-19-10  平出瓦店,,,回収地区7,A資源-毎月1・3回目火<BR>B資源-毎月2・4回目火<BR>容器包装プラ-毎週金,A資源、B資源、容器包装プラ,,083-C-3,139.4524709,35.47708854
東原南  2,総合,大和市上草柳3-4  上草柳ちびっ子広場,,,回収地区7,A資源-毎月1・3回目火<br>B資源-毎月2・4回目火<br>容器包装プラ-毎週金,A資源、B資源、容器包装プラ,,083-C-7,139.45223,35.47532746
東原南  1,総合,大和市上草柳905　熊野神社裏手,,,回収地区7,A資源-毎月1・3回目火<BR>B資源-毎月2・4回目火<BR>容器包装プラ-毎週金,A資源、B資源、容器包装プラ,,083-A-10,139.45168,35.47376172
東原北  12,総合,大和市上草柳1580-1  林道路脇宅地,,,回収地区5,A資源-毎月1・3回目水<BR>B資源-毎月2・4回目水<BR>容器包装プラ-毎週木,A資源、B資源、容器包装プラ,,074-B-8,139.4475469,35.47941008
東原北  13,総合,大和市上草柳6-20-7,,,回収地区5,A資源-毎月1・3回目水<BR>B資源-毎月2・4回目水<BR>容器包装プラ-毎週木,A資源、B資源、容器包装プラ,,074-F-5,139.4496617,35.4805884
東原北  9,総合,大和市上草柳8-2-22,,,回収地区5,A資源-毎月1・3回目水<BR>B資源-毎月2・4回目水<BR>容器包装プラ-毎週木,A資源、B資源、容器包装プラ,,074-F-3,139.4493042,35.48156159
東原北  2,総合,大和市上草柳6-12  大野1号公園,,,回収地区5,A資源-毎月1・3回目水<BR>B資源-毎月2・4回目水<BR>容器包装プラ-毎週木,A資源、B資源、容器包装プラ,,074-H-7,139.4508795,35.47970256
東原北  4,総合,大和市上草柳6-14　トワーズ大和店専用駐車場前,,,回収地区5,A資源-毎月1・3回目水<br>B資源-毎月2・4回目水<br>容器包装プラ-毎週木,A資源、B資源、容器包装プラ,,074-E-8,139.4491394,35.47925614
東原北  1,総合,大和市上草柳6-21-13  アウローラ,,,回収地区5,A資源-毎月1・3回目水<BR>B資源-毎月2・4回目水<BR>容器包装プラ-毎週木,A資源、B資源、容器包装プラ,,074-G-6,139.4501026,35.4803615
東原北  14,総合,大和市上草柳6-20-4,,,回収地区5,A資源-毎月1・3回目水<BR>B資源-毎月2・4回目水<BR>容器包装プラ-毎週木,A資源、B資源、容器包装プラ,,074-H-4,139.4507241,35.48099431
東原北  7,総合,大和市上草柳8-2-28,,,回収地区5,A資源-毎月1・3回目水<BR>B資源-毎月2・4回目水<BR>容器包装プラ-毎週木,A資源、B資源、容器包装プラ,,074-G-2,139.4502526,35.48191074
東原北  11,総合,大和市上草柳6-10-1,,,回収地区5,A資源-毎月1・3回目水<BR>B資源-毎月2・4回目水<BR>容器包装プラ-毎週木,A資源、B資源、容器包装プラ,,075-B-9,139.4518815,35.47937528
東原北  3,総合,大和市上草柳6-8  駐車場,,,回収地区5,A資源-毎月1・3回目水<BR>B資源-毎月2・4回目水<BR>容器包装プラ-毎週木,A資源、B資源、容器包装プラ,,075-A-9,139.4512064,35.4787512
東原北  10,総合,大和市上草柳6-2-14  聖教新聞南側駐車場,,,回収地区5,A資源-毎月1・3回目水<BR>B資源-毎月2・4回目水<BR>容器包装プラ-毎週木,A資源、B資源、容器包装プラ,,082-H-1,139.450885,35.47768637
東原北  6,総合,大和市上草柳1104-4  （有）タナベエンジニアリング,,,回収地区5,A資源-毎月1・3回目水<BR>B資源-毎月2・4回目水<BR>容器包装プラ-毎週木,A資源、B資源、容器包装プラ,,082-B-1,139.4471505,35.47802667
東原北  5,総合,大和市上草柳6-5-10  泉の森北側,,,回収地区5,A資源-毎月1・3回目水<BR>B資源-毎月2・4回目水<BR>容器包装プラ-毎週木,A資源、B資源、容器包装プラ,,082-E-3,139.4492187,35.47696626
南鶴間  5,総合,大和市西鶴間6-23  西鶴間6丁目1号児童公園,,,回収地区5,A資源-毎月1・3回目水<BR>B資源-毎月2・4回目水<BR>容器包装プラ-毎週木,A資源、B資源、容器包装プラ,,062-H-4,139.4420602,35.4855414
南鶴間  2,総合,大和市西鶴間6-25  倉庫,,,回収地区5,A資源-毎月1・3回目水<BR>B資源-毎月2・4回目水<BR>容器包装プラ-毎週木,A資源、B資源、容器包装プラ,,062-G-2,139.4415619,35.48637928
南鶴間  1,総合,大和市西鶴間7-15-4,,,回収地区5,A資源-毎月1・3回目水<BR>B資源-毎月2・4回目水<BR>容器包装プラ-毎週木,A資源、B資源、容器包装プラ,,062-B-4,139.4386311,35.48566787
南鶴間  3,総合,大和市西鶴間7-1-12,,,回収地区5,A資源-毎月1・3回目水<BR>B資源-毎月2・4回目水<BR>容器包装プラ-毎週木,A資源、B資源、容器包装プラ,,062-C-5,139.4395473,35.48517912
南鶴間  4,総合,大和市西鶴間8-6-15,,,回収地区5,A資源-毎月1・3回目水<BR>B資源-毎月2・4回目水<BR>容器包装プラ-毎週木,A資源、B資源、容器包装プラ,,062-A-7,139.4378436,35.48439355
南鶴間  6,総合,大和市西鶴間8-7  南鶴間いこいの森東側,,,回収地区5,A資源-毎月1・3回目水<BR>B資源-毎月2・4回目水<BR>容器包装プラ-毎週木,A資源、B資源、容器包装プラ,,062-D-9,139.4399332,35.48321531
南林間西南  27,総合,大和市西鶴間7-5-9  広場,,,回収地区3,A資源-毎月1・3回目月<BR>B資源-毎月2・4回目月<BR>容器包装プラ-毎週水,A資源、B資源、容器包装プラ,,062-C-2,139.4391294,35.48632685
南庭  4,総合,大和市代官3-11  代官3丁目公園,,,回収地区9,A資源-毎月1・3回目金<BR>B資源-毎月2・4回目金<BR>容器包装プラ-毎週土,A資源、B資源、容器包装プラ,,141-H-4,139.4555478,35.44040454
南庭  5,総合,大和市代官3-18-2,,,回収地区9,A資源-毎月1・3回目金<br>B資源-毎月2・4回目金<br>容器包装プラ-毎週土,A資源、B資源、容器包装プラ,,141-F-5,139.4541921,35.44021295
南庭  3,総合,大和市代官3-15  代官児童遊園,,,回収地区9,A資源-毎月1・3回目金<BR>B資源-毎月2・4回目金<BR>容器包装プラ-毎週土,A資源、B資源、容器包装プラ,,141-G-2,139.4549638,35.44145626
南庭  6,総合,大和市代官4-17-11  渋谷西テニスコート,,,回収地区9,A資源-毎月1・3回目金<BR>B資源-毎月2・4回目金<BR>容器包装プラ-毎週土,A資源、B資源、容器包装プラ,,141-E-9,139.4536298,35.43844504
南庭  1,総合,大和市代官4-1-1　代官橋下,,,回収地区9,A資源-毎月1・3回目金<br>B資源-毎月2・4回目金<br>容器包装プラ-毎週土,A資源、B資源、容器包装プラ,,142-C-6,139.4573584,35.43948062
南庭  7,総合,大和市代官4-4-6,,,回収地区9,A資源-毎月1・3回目金<BR>B資源-毎月2・4回目金<BR>容器包装プラ-毎週土,A資源、B資源、容器包装プラ,,142-C-9,139.4565927,35.43803053
南庭  2,総合,大和市代官3-2,,,回収地区9,A資源-毎月1・3回目金<BR>B資源-毎月2・4回目金<BR>容器包装プラ-毎週土,A資源、B資源、容器包装プラ,,133-G-10,139.4551888,35.44225925
南林間西南  29,総合,大和市西鶴間6-31  西鶴間3号公園,,,回収地区3,A資源-毎月1・3回目月<BR>B資源-毎月2・4回目月<BR>容器包装プラ-毎週水,A資源、B資源、容器包装プラ,,054-G-7,139.4413742,35.48877513
南林間西南  25,総合,大和市西鶴間7-9-10  グリーンアベニュー,,,回収地区3,A資源-毎月1・3回目月<BR>B資源-毎月2・4回目月<BR>容器包装プラ-毎週水,A資源、B資源、容器包装プラ,,054-B-9,139.4385453,35.48783679
南林間西南  28,総合,大和市西鶴間6-28-12,,,回収地区3,A資源-毎月1・3回目月<BR>B資源-毎月2・4回目月<BR>容器包装プラ-毎週水,A資源、B資源、容器包装プラ,,062-F-1,139.4407367,35.48703823
南林間西南  43,総合,大和市南林間6-21-22,,,回収地区3,A資源-毎月1・3回目月<BR>B資源-毎月2・4回目月<BR>容器包装プラ-毎週水,A資源、B資源、容器包装プラ,,054-C-2,139.4391238,35.49109674
南林間西南  24,総合,大和市南林間6-17-6  6丁目児童遊園,,,回収地区3,A資源-毎月1・3回目月<br>B資源-毎月2・4回目月<br>容器包装プラ-毎週水,A資源、B資源、容器包装プラ,,054-B-5,139.4387344,35.48979628
南林間西南  17,総合,大和市南林間6-3-5,,,回収地区3,A資源-毎月1・3回目月<BR>B資源-毎月2・4回目月<BR>容器包装プラ-毎週水,A資源、B資源、容器包装プラ,,054-H-1,139.4418724,35.49127574
南林間西南  16,総合,大和市南林間6-6  南林間1号公園,,,回収地区3,A資源-毎月1・3回目月<br>B資源-毎月2・4回目月<br>容器包装プラ-毎週水,A資源、B資源、容器包装プラ,,054-G-3,139.4413611,35.49046887
南林間西南  20,総合,大和市南林間6-8  南林間2号児童遊園,,,回収地区3,A資源-毎月1・3回目月<BR>B資源-毎月2・4回目月<BR>容器包装プラ-毎週水,A資源、B資源、容器包装プラ,,054-G-7,139.4410367,35.48897587
南林間西南  19,総合,大和市南林間6-8-27  隣駐車場,,,回収地区3,A資源-毎月1・3回目月<BR>B資源-毎月2・4回目月<BR>容器包装プラ-毎週水,A資源、B資源、容器包装プラ,,054-H-5,139.441626,35.48959121
南林間西南  14,総合,大和市南林間6-6-4　南林間1号公園西側,,,回収地区3,A資源-毎月1・3回目月<BR>B資源-毎月2・4回目月<BR>容器包装プラ-毎週水,A資源、B資源、容器包装プラ,,054-G-3,139.4412027,35.49051201
南林間西南  15,総合,大和市南林間6-9-9,,,回収地区3,A資源-毎月1・3回目月<BR>B資源-毎月2・4回目月<BR>容器包装プラ-毎週水,A資源、B資源、容器包装プラ,,054-E-4,139.4402062,35.49014541
南林間西南  10,総合,大和市南林間4-11-16,,,回収地区3,A資源-毎月1・3回目月<BR>B資源-毎月2・4回目月<BR>容器包装プラ-毎週水,A資源、B資源、容器包装プラ,,055-F-1,139.4451622,35.49164677
南林間西南  2,総合,大和市南林間4-7-5  ツインリーフ南林間,,,回収地区3,A資源-毎月1・3回目月<BR>B資源-毎月2・4回目月<BR>容器包装プラ-毎週水,A資源、B資源、容器包装プラ,,045-C-8,139.4434047,35.49267663
南林間西南  3,総合,大和市南林間4-8-18,,,回収地区3,A資源-毎月1・3回目月<BR>B資源-毎月2・4回目月<BR>容器包装プラ-毎週水,A資源、B資源、容器包装プラ,,045-D-8,139.4442566,35.49291668
南林間西南  4,総合,大和市南林間4-9-10　モナメルハイツ,,,回収地区3,A資源-毎月1・3回目月<br>B資源-毎月2・4回目月<br>容器包装プラ-毎週水,A資源、B資源、容器包装プラ,,045-D-9,139.4439865,35.49217975
南林間西南  7,総合,大和市南林間4-9  南林間四丁目公園,,,回収地区3,A資源-毎月1・3回目月<BR>B資源-毎月2・4回目月<BR>容器包装プラ-毎週水,A資源、B資源、容器包装プラ,,045-D-10,139.4442352,35.49186931
南林間西北  24,総合,大和市南林間5-2-23  藤和シティーホームズ南林間,,,回収地区3,A資源-毎月1・3回目月<BR>B資源-毎月2・4回目月<BR>容器包装プラ-毎週水,A資源、B資源、容器包装プラ,,045-B-1,139.4429813,35.49598892
南林間西北  1,総合,大和市南林間5-9-7,,,回収地区3,A資源-毎月1・3回目月<BR>B資源-毎月2・4回目月<BR>容器包装プラ-毎週水,A資源、B資源、容器包装プラ,,045-B-5,139.4431957,35.49436551
南林間西南  22,総合,大和市南林間6-23-27,,,回収地区3,A資源-毎月1・3回目月<br>B資源-毎月2・4回目月<br>容器包装プラ-毎週水,A資源、B資源、容器包装プラ,,053-G-3,139.4370168,35.49074023
南林間西南  32,総合,大和市南林間6-25-28  南側道路上,,,回収地区3,A資源-毎月1・3回目月<BR>B資源-毎月2・4回目月<BR>容器包装プラ-毎週水,A資源、B資源、容器包装プラ,,053-H-4,139.4375368,35.49014137
南林間西南  12,総合,大和市西鶴間2-6  ライオンズマンション南林間ガーデン西側,,,回収地区3,A資源-毎月1・3回目月<BR>B資源-毎月2・4回目月<BR>容器包装プラ-毎週水,A資源、B資源、容器包装プラ,,055-H-2,139.4460409,35.49077835
南林間西南  30,総合,大和市西鶴間6-9  西鶴間1号公園西側,,,回収地区3,A資源-毎月1・3回目月<BR>B資源-毎月2・4回目月<BR>容器包装プラ-毎週水,A資源、B資源、容器包装プラ,,055-B-7,139.4429495,35.48892792
南林間西南  31,総合（B）,大和市西鶴間6-9  西鶴間1号公園東側,,,回収地区3,A資源-毎月1・3回目月<BR>B資源-毎月2・4回目月<BR>容器包装プラ-毎週水,B資源のみ,,055-C-7,139.4435228,35.48879265
南林間西南  34,総合,大和市南林間4-11-3  空き地前,,,回収地区3,A資源-毎月1・3回目月<BR>B資源-毎月2・4回目月<BR>容器包装プラ-毎週水,A資源、B資源、容器包装プラ,,055-F-1,139.4453658,35.49121473
南林間西南  9,総合,大和市南林間4-13-3,,,回収地区3,A資源-毎月1・3回目月<BR>B資源-毎月2・4回目月<BR>容器包装プラ-毎週水,A資源、B資源、容器包装プラ,,055-D-4,139.4437531,35.49042916
南林間西南  35,総合,大和市南林間4-1-5  睦荘の向い側,,,回収地区3,A資源-毎月1・3回目月<BR>B資源-毎月2・4回目月<BR>容器包装プラ-毎週水,A資源、B資源、容器包装プラ,,055-H-1,139.4461427,35.49160315
南林間西南  18,総合,大和市南林間6-1  南林間六丁目公園,,,回収地区3,A資源-毎月1・3回目月<BR>B資源-毎月2・4回目月<BR>容器包装プラ-毎週水,A資源、B資源、容器包装プラ,,055-B-4,139.4428798,35.48992728
南林間西南  6,総合,大和市南林間6-2-18,,,回収地区3,A資源-毎月1・3回目月<BR>B資源-毎月2・4回目月<BR>容器包装プラ-毎週水,A資源、B資源、容器包装プラ,R8.4.1廃止,055-B-1,139.4429601,35.49124958
南林間西南  8,総合,大和市南林間4-15  駐車場,,,回収地区3,A資源-毎月1・3回目月<BR>B資源-毎月2・4回目月<BR>容器包装プラ-毎週水,A資源、B資源、容器包装プラ,R8.4.1廃止,044-H-8,139.4420385,35.49281188
南林間西南  13,総合,大和市南林間6-4-21  第一南林間メゾン,,,回収地区3,A資源-毎月1・3回目月<br>B資源-毎月2・4回目月<br>容器包装プラ-毎週水,A資源、B資源、容器包装プラ,,044-G-9,139.4412008,35.49223497
南林間西北  8,総合,大和市南林間5-4-5,,,回収地区3,A資源-毎月1・3回目月<BR>B資源-毎月2・4回目月<BR>容器包装プラ-毎週水,A資源、B資源、容器包装プラ,,044-H-2,139.4414704,35.49543902
南林間西北  10,総合,大和市南林間8-12-20,,,回収地区3,A資源-毎月1・3回目月<BR>B資源-毎月2・4回目月<BR>容器包装プラ-毎週水,A資源、B資源、容器包装プラ,R7.5.1　廃止,036-E-10,139.4405528,35.496218
南林間西北  7,総合,大和市南林間5-6-2,,,回収地区3,A資源-毎月1・3回目月<br>B資源-毎月2・4回目月<br>容器包装プラ-毎週水,A資源、B資源、容器包装プラ,,044-F-3,139.4405416,35.49497404
南林間西北  4,総合,大和市南林間7-14  緑の広場11号,,,回収地区3,A資源-毎月1・3回目月<BR>B資源-毎月2・4回目月<BR>容器包装プラ-毎週水,A資源、B資源、容器包装プラ,,044-B-8,139.4385398,35.49261977
南林間西北  2,総合,大和市南林間7-1-18,,,回収地区3,A資源-毎月1・3回目月<br>B資源-毎月2・4回目月<br>容器包装プラ-毎週水,A資源、B資源、容器包装プラ,,044-G-6,139.4410575,35.49386528
南林間西北  3,総合,大和市南林間7-8  南林間西北公園,,,回収地区3,A資源-毎月1・3回目月<BR>B資源-毎月2・4回目月<BR>容器包装プラ-毎週水,A資源、B資源、容器包装プラ,,044-C-7,139.4393702,35.49319148
南林間西北  6,総合,大和市南林間7-9-12,,,回収地区3,A資源-毎月1・3回目月<BR>B資源-毎月2・4回目月<BR>容器包装プラ-毎週水,A資源、B資源、容器包装プラ,,044-C-5,139.4393273,35.49422576
南林間西北  13,総合,大和市南林間8-21　西北自治会館前,,,回収地区3,A資源-毎月1・3回目月<BR>B資源-毎月2・4回目月<BR>容器包装プラ-毎週水,A資源、B資源、容器包装プラ,,044-A-1,139.4376984,35.49605861
南林間西北  9,総合,大和市南林間5-3-16  ヴァルアージュ南林間,,,回収地区3,A資源-毎月1・3回目月<BR>B資源-毎月2・4回目月<BR>容器包装プラ-毎週水,A資源、B資源、容器包装プラ,,036-H-9,139.4418401,35.49665659
南林間西北  14,総合,大和市南林間8-13-9,,,回収地区3,A資源-毎月1・3回目月<br>B資源-毎月2・4回目月<br>容器包装プラ-毎週水,A資源、B資源、容器包装プラ,,036-C-10,139.4393872,35.49639455
南林間西北  18,総合,大和市南林間8-16-22,,,回収地区3,A資源-毎月1・3回目月<BR>B資源-毎月2・4回目月<BR>容器包装プラ-毎週水,A資源、B資源、容器包装プラ,,036-D-6,139.4392682,35.4980181
南林間西北  19,総合,大和市南林間8-18-7,,,回収地区3,A資源-毎月1・3回目月<BR>B資源-毎月2・4回目月<BR>容器包装プラ-毎週水,A資源、B資源、容器包装プラ,,036-A-6,139.4381645,35.49805735
南林間西北  17,総合,大和市南林間8-3-12  駐車場,,,回収地区3,A資源-毎月1・3回目月<BR>B資源-毎月2・4回目月<BR>容器包装プラ-毎週水,A資源、B資源、容器包装プラ,,036-E-6,139.4404202,35.49842835
南林間西北  15,総合,大和市南林間8-15-20　オルオル前,,,回収地区3,A資源-毎月1・3回目月<BR>B資源-毎月2・4回目月<BR>容器包装プラ-毎週水,A資源、B資源、容器包装プラ,,036-D-9,139.4397826,35.49706239
南林間西北  5,総合,大和市南林間7-17-6,,,回収地区3,A資源-毎月1・3回目月<BR>B資源-毎月2・4回目月<BR>容器包装プラ-毎週水,A資源、B資源、容器包装プラ,,043-H-6,139.4373288,35.49359728
南林間西北  22,総合,大和市南林間7-21,,,回収地区3,A資源-毎月1・3回目月<BR>B資源-毎月2・4回目月<BR>容器包装プラ-毎週水,A資源、B資源、容器包装プラ,,043-E-8,139.4359197,35.49280736
南林間西北  12,総合,大和市南林間9-9  南林間スポーツ広場,,,回収地区3,A資源-毎月1・3回目月<BR>B資源-毎月2・4回目月<BR>容器包装プラ-毎週水,A資源、B資源、容器包装プラ,,043-E-5,139.436059,35.49448751
南林間西北  20,総合,大和市南林間8-19-7  サンコーポ南林間,,,回収地区3,A資源-毎月1・3回目月<BR>B資源-毎月2・4回目月<BR>容器包装プラ-毎週水,A資源、B資源、容器包装プラ,,035-H-7,139.4372483,35.49761656
久田  5,総合,大和市上和田1037-6,,,回収地区10,A資源-毎月2・4回目金<br>B資源-毎月1・3回目金<br>容器包装プラ-毎週土,A資源、B資源、容器包装プラ,,131-F-1,139.4719078,35.45098062
宮久保  3,総合,大和市上和田1044-4  イワセエスタ神奈川支店角,,,回収地区10,A資源-毎月2・4回目金<BR>B資源-毎月1・3回目金<BR>容器包装プラ-毎週土,A資源、B資源、容器包装プラ,,131-G-4,139.4722106,35.4497702
久田  2,総合,大和市上和田1167  左馬神社付近,,,回収地区10,A資源-毎月2・4回目金<br>B資源-毎月1・3回目金<br>容器包装プラ-毎週土,A資源、B資源、容器包装プラ,,124-B-9,139.4742975,35.45201416
久田  1,総合,大和市上和田804  久田自治会館,,,回収地区10,A資源-毎月2・4回目金<BR>B資源-毎月1・3回目金<BR>容器包装プラ-毎週土,A資源、B資源、容器包装プラ,,123-H-5,139.4727355,35.45375022
久田  3,総合,大和市上和田832  桜ヶ丘小学校南側,,,回収地区10,A資源-毎月2・4回目金<BR>B資源-毎月1・3回目金<BR>容器包装プラ-毎週土,A資源、B資源、容器包装プラ,,123-A-7,139.4690761,35.45252819
久田  4,総合,大和市上和田95  駐車場,,,回収地区10,A資源-毎月2・4回目金<br>B資源-毎月1・3回目金<br>容器包装プラ-毎週土,A資源、B資源、容器包装プラ,,117-A-8,139.4695297,35.45673491
光丘  3,総合,大和市深見3839  ビオトープ広場前,,,回収地区8,A資源-毎月2・4回目火<BR>B資源-毎月1・3回目火<BR>容器包装プラ-毎週金,A資源、B資源、容器包装プラ,,117-B-1,139.4696652,35.45947575
宮下  2,総合,大和市深見3328  第3分団,,,回収地区8,A資源-毎月2・4回目火<BR>B資源-毎月1・3回目火<BR>容器包装プラ-毎週金,A資源、B資源、容器包装プラ,,105-E-10,139.4711705,35.46491338
宮下  3,総合,大和市深見台1-1157-1 深見台１丁目チケットパーキング横,,,回収地区8,A資源-毎月2・4回目火;br;B資源-毎月1・3回目火;br;容器包装プラ-毎週金,A資源、B資源、容器包装プラ,,105-D-6,139.4704498,35.46665679
宮下  5,総合,大和市深見台1-11　深見台2号公園内,,,回収地区8,A資源-毎月2・4回目火<br>B資源-毎月1・3回目火<br>容器包装プラ-毎週金,A資源、B資源、容器包装プラ,,111-A-1,139.4687758,35.46435343
光丘  7,総合,大和市深見3540  鶴田工務店,,,回収地区8,A資源-毎月2・4回目火<br>B資源-毎月1・3回目火<br>容器包装プラ-毎週金,A資源、B資源、容器包装プラ,,110-G-4,139.4677425,35.46311404
光丘  5,総合,大和市深見3534  グリンピア,,,回収地区8,A資源-毎月2・4回目火<BR>B資源-毎月1・3回目火<BR>容器包装プラ-毎週金,A資源、B資源、容器包装プラ,,110-H-4,139.4687006,35.46323316
光丘  2,総合,大和市深見3550  （株）勝山工務店,,,回収地区8,A資源-毎月2・4回目火<BR>B資源-毎月1・3回目火<BR>容器包装プラ-毎週金,A資源、B資源、容器包装プラ,,110-H-7,139.4685131,35.46195886
光丘  4,総合,大和市深見3861  食品の店ヒライデ,,,回収地区8,A資源-毎月2・4回目火<BR>B資源-毎月1・3回目火<BR>容器包装プラ-毎週金,A資源、B資源、容器包装プラ,,110-F-9,139.4676559,35.46083291
光丘  11,総合,大和市深見3864-8,,,回収地区8,A資源-毎月2・4回目火<br>B資源-毎月1・3回目火<br>容器包装プラ-毎週金,A資源、B資源、容器包装プラ,,110-H-8,139.4685018,35.46127077
宮下  4,総合,大和市深見台1-4  さがみ農協宮下直売所,,,回収地区8,A資源-毎月2・4回目火<BR>B資源-毎月1・3回目火<BR>容器包装プラ-毎週金,A資源、B資源、容器包装プラ,,105-A-7,139.4690863,35.46610034
宮久保  4,総合,大和市上和田1323-28  宮久保野球場北側,,,回収地区10,A資源-毎月2・4回目金<BR>B資源-毎月1・3回目金<BR>容器包装プラ-毎週土,A資源、B資源、容器包装プラ,,126-D-10,139.4793367,35.44693813
宮久保  1,総合,大和市上和田1528  宮久保会館,,,回収地区10,A資源-毎月2・4回目金<br>B資源-毎月1・3回目金<br>容器包装プラ-毎週土,A資源、B資源、容器包装プラ,,126-B-6,139.4783479,35.44894091
宮久保  2,総合,大和市上和田2150  宮久保公園,,,回収地区10,A資源-毎月2・4回目金<BR>B資源-毎月1・3回目金<BR>容器包装プラ-毎週土,A資源、B資源、容器包装プラ,,139-A-2,139.4781902,35.44579909
銀杏会  5,総合,大和市西鶴間5-1-13  銀杏会自治会館,,,回収地区5,A資源-毎月1・3回目水<br>B資源-毎月2・4回目水<br>容器包装プラ-毎週木,A資源、B資源、容器包装プラ,,063-G-8,139.4453698,35.484051
銀杏会  2,総合,大和市西鶴間5-2-11  サンステージ大和東側,,,回収地区5,A資源-毎月1・3回目水<br>B資源-毎月2・4回目水<br>容器包装プラ-毎週木,A資源、B資源、容器包装プラ,,063-C-6,139.4436572,35.48482947
銀杏会  1,総合,大和市西鶴間5-22-8,,,回収地区5,A資源-毎月1・3回目水<BR>B資源-毎月2・4回目水<BR>容器包装プラ-毎週木,A資源、B資源、容器包装プラ,,063-A-8,139.4426764,35.48351214
銀杏会  4,総合,大和市西鶴間5-8-3,,,回収地区5,A資源-毎月1・3回目水<BR>B資源-毎月2・4回目水<BR>容器包装プラ-毎週木,A資源、B資源、容器包装プラ,R6.3月廃止,063-E-9,139.4447178,35.48317616
銀杏会  6,総合,大和市西鶴間5-3489  ニッシンハイムB,,,回収地区5,A資源-毎月1・3回目水<BR>B資源-毎月2・4回目水<BR>容器包装プラ-毎週木,A資源、B資源、容器包装プラ,,062-G-10,139.4412191,35.48295787
銀杏会  3,総合,大和市西鶴間5-3483,,,回収地区5,A資源-毎月1・3回目水<br>B資源-毎月2・4回目水<br>容器包装プラ-毎週木,A資源、B資源、容器包装プラ,,073-B-1,139.4431163,35.48242892
光丘  10,総合,大和市深見3871  ハイムハピネス,,,回収地区8,A資源-毎月2・4回目火<BR>B資源-毎月1・3回目火<BR>容器包装プラ-毎週金,A資源、B資源、容器包装プラ,,116-H-1,139.468315,35.46007359
光丘  12,総合,大和市深見3875-1  桜ヶ丘ボウリング,,,回収地区8,A資源-毎月2・4回目火<BR>B資源-毎月1・3回目火<BR>容器包装プラ-毎週金,A資源、B資源、容器包装プラ,,116-G-2,139.4679024,35.45968518
上福田  1,総合,大和市福田2-6  山下酒店横駐車場,,,回収地区9,A資源-毎月1・3回目金<BR>B資源-毎月2・4回目金<BR>容器包装プラ-毎週土,A資源、B資源、容器包装プラ,,130-A-6,139.4646185,35.4488972
上和田  10,総合,大和市上和田2375-1  大和南高校駐輪場,,,回収地区10,A資源-毎月2・4回目金<BR>B資源-毎月1・3回目金<BR>容器包装プラ-毎週土,A資源、B資源、容器包装プラ,,138-F-10,139.4761971,35.44270494
上和田  11,総合,大和市上和田2493  （有）ミラゴ,,,回収地区10,A資源-毎月2・4回目金<BR>B資源-毎月1・3回目金<BR>容器包装プラ-毎週土,A資源、B資源、容器包装プラ,,146-B-5,139.4737969,35.44014755
上和田  17,総合,大和市上和田2612,,,回収地区10,A資源-毎月2・4回目金<BR>B資源-毎月1・3回目金<BR>容器包装プラ-毎週土,A資源、B資源、容器包装プラ,,145-F-2,139.4719912,35.44156581
上和田  4,総合,大和市上和田2680  フジフーズ（株）,,,回収地区10,A資源-毎月2・4回目金<BR>B資源-毎月1・3回目金<BR>容器包装プラ-毎週土,A資源、B資源、容器包装プラ,,144-G-1,139.4682032,35.44197593
上和田  15,総合,大和市上和田2734  ＯＫ(株)上和田店,,,回収地区10,A資源-毎月2・4回目金<br>B資源-毎月1・3回目金<br>容器包装プラ-毎週土,A資源、B資源、容器包装プラ,,144-G-4,139.4683004,35.44071407
上和田  14,総合,大和市上和田2695  上和田小学校南側,,,回収地区10,A資源-毎月2・4回目金<br>B資源-毎月1・3回目金<br>容器包装プラ-毎週土,A資源、B資源、容器包装プラ,,145-A-4,139.4692874,35.44079469
上和田  13,総合,大和市上和田2706-1　薬王院境内自治会倉庫北側,,,回収地区10,A資源-毎月2・4回目金<BR>B資源-毎月1・3回目金<BR>容器包装プラ-毎週土,A資源、B資源、容器包装プラ,,145-G-4,139.4721895,35.4404268
上和田  3,総合,大和市上和田2812-2,,,回収地区10,A資源-毎月2・4回目金<BR>B資源-毎月1・3回目金<BR>容器包装プラ-毎週土,A資源、B資源、容器包装プラ,,145-B-6,139.4697999,35.43959321
上和田  9,総合,大和市上和田2817,,,回収地区10,A資源-毎月2・4回目金<BR>B資源-毎月1・3回目金<BR>容器包装プラ-毎週土,A資源、B資源、容器包装プラ,,145-A-6,139.468948,35.43977648
上和田  18,総合,大和市上和田2830  向い側,,,回収地区10,A資源-毎月2・4回目金<BR>B資源-毎月1・3回目金<BR>容器包装プラ-毎週土,A資源、B資源、容器包装プラ,,145-A-7,139.4690766,35.43936626
上和田  16,総合,大和市上和田2862-1,,,回収地区10,A資源-毎月2・4回目金<BR>B資源-毎月1・3回目金<BR>容器包装プラ-毎週土,A資源、B資源、容器包装プラ,,145-D-9,139.4706894,35.43834948
上和田  8,総合,大和市上和田1889-4,,,回収地区10,A資源-毎月2・4回目金<BR>B資源-毎月1・3回目金<BR>容器包装プラ-毎週土,A資源、B資源、容器包装プラ,,137-F-9,139.4716215,35.4430583
上和田  1,総合,大和市上和田2412  上和田団地1-2側公園,,,回収地区10,A資源-毎月2・4回目金<br>B資源-毎月1・3回目金<br>容器包装プラ-毎週土,A資源、B資源、容器包装プラ,,153-D-4,139.4708144,35.43622974
上和田  7,総合,大和市上和田2532,,,回収地区10,A資源-毎月2・4回目金<BR>B資源-毎月1・3回目金<BR>容器包装プラ-毎週土,A資源、B資源、容器包装プラ,,146-D-2,139.4752542,35.44127787
上和田  6,総合,大和市上和田2591  資材置場,,,回収地区10,A資源-毎月2・4回目金<BR>B資源-毎月1・3回目金<BR>容器包装プラ-毎週土,A資源、B資源、容器包装プラ,,145-H-3,139.4731325,35.44114689
上和田  5,総合,大和市上和田2713  上和田自治会館,,,回収地区10,A資源-毎月2・4回目金<BR>B資源-毎月1・3回目金<BR>容器包装プラ-毎週土,A資源、B資源、容器包装プラ,,145-F-7,139.4719431,35.43906522
上和田  19,総合,大和市上和田3472  シャンベール前,,,回収地区10,A資源-毎月2・4回目金<BR>B資源-毎月1・3回目金<BR>容器包装プラ-毎週土,A資源、B資源、容器包装プラ,,152-G-1,139.4681926,35.43728023
新道下  1,総合,大和市福田5-17  もみの木保育園裏,,,回収地区9,A資源-毎月1・3回目金<BR>B資源-毎月2・4回目金<BR>容器包装プラ-毎週土,A資源、B資源、容器包装プラ,,135-F-10,139.4630917,35.44247766
新道下  2,総合,大和市福田5-22  福田小学校南側,,,回収地区9,A資源-毎月1・3回目金<br>B資源-毎月2・4回目金<br>容器包装プラ-毎週土,A資源、B資源、容器包装プラ,,135-D-8,139.4620314,35.44321363
新道下  3,総合,大和市福田5-22  福田小学校北側,,,回収地区9,A資源-毎月1・3回目金<BR>B資源-毎月2・4回目金<BR>容器包装プラ-毎週土,A資源、B資源、容器包装プラ,,135-D-6,139.4618057,35.44437162
新道下  12,総合,大和市福田5-25-7  引地川緑地内,,,回収地区9,A資源-毎月1・3回目金<BR>B資源-毎月2・4回目金<BR>容器包装プラ-毎週土,A資源、B資源、容器包装プラ,,135-C-3,139.4615003,35.44558481
新道下  4,総合,大和市福田5-5-20  新道下自治会館,,,回収地区9,A資源-毎月1・3回目金<br>B資源-毎月2・4回目金<br>容器包装プラ-毎週土,A資源、B資源、容器包装プラ,,135-G-3,139.463622,35.44575948
新道下  5,総合,大和市福田5-5-30,,,回収地区9,A資源-毎月1・3回目金<BR>B資源-毎月2・4回目金<BR>容器包装プラ-毎週土,A資源、B資源、容器包装プラ,,135-E-1,139.4625504,35.44656675
新道下  11,総合,大和市福田6-10-4  福田霊苑西側エステート山下東側,,,回収地区9,A資源-毎月1・3回目金<BR>B資源-毎月2・4回目金<BR>容器包装プラ-毎週土,A資源、B資源、容器包装プラ,,135-B-4,139.4606752,35.44511347
新道下  7,総合,大和市福田6-1-20  セントヒルズ桜ヶ丘,,,回収地区9,A資源-毎月1・3回目金<BR>B資源-毎月2・4回目金<BR>容器包装プラ-毎週土,A資源、B資源、容器包装プラ,,135-B-1,139.4609216,35.44633541
新道下  6,総合,大和市福田5-3-2　クリアシャンテI,,,回収地区9,A資源-毎月1・3回目金<br>B資源-毎月2・4回目金<br>容器包装プラ-毎週土,A資源、B資源、容器包装プラ,,129-H-9,139.4639157,35.44686107
深見境橋  1,総合,大和市深見3702,,,回収地区8,A資源-毎月2・4回目火<br>B資源-毎月1・3回目火<br>容器包装プラ-毎週金,A資源、B資源、容器包装プラ,,111-E-5,139.470984,35.46262768
深見台深交会  1,総合,大和市深見台4-1  深交会自治会館,,,回収地区8,A資源-毎月2・4回目火<br>B資源-毎月1・3回目火<br>容器包装プラ-毎週金,A資源、B資源、容器包装プラ,,094-D-4,139.4660427,35.47225317
深見中原  5,総合,大和市深見西1-5  日本ラインツ(株),,,回収地区8,A資源-毎月2・4回目火<BR>B資源-毎月1・3回目火<BR>容器包装プラ-毎週金,A資源、B資源、容器包装プラ,,084-H-3,139.459238,35.47696216
深見中原  4,総合,大和市深見西2-5,,,回収地区8,A資源-毎月2・4回目火<BR>B資源-毎月1・3回目火<BR>容器包装プラ-毎週金,A資源、B資源、容器包装プラ,,085-E-1,139.4622973,35.47785251
深見中原  6,総合,大和市深見西2-6-9,,,回収地区8,A資源-毎月2・4回目火<br>B資源-毎月1・3回目火<br>容器包装プラ-毎週金,A資源、B資源、容器包装プラ,,077-H-10,139.4641218,35.47857601
深見中原  3,総合,大和市深見西3-1-22,,,回収地区8,A資源-毎月2・4回目火<BR>B資源-毎月1・3回目火<BR>容器包装プラ-毎週金,A資源、B資源、容器包装プラ,,076-G-9,139.4589432,35.47905689
深見中原  2,総合,大和市深見西4丁目１<BR>ぼーる遊びもできる公園,,,回収地区8,A資源-毎月2・4回目火<BR>B資源-毎月1・3回目火<BR>容器包装プラ-毎週金,A資源、B資源、容器包装プラ,,077-A-5,139.4599237,35.48072834
深友会  1,総合,大和市深見台2-5  公園,,,回収地区8,A資源-毎月2・4回目火<br>B資源-毎月1・3回目火<br>容器包装プラ-毎週金,A資源、B資源、容器包装プラ,,105-A-1,139.4687064,35.46893651
深和会  1,総合,大和市深見台4-6  深見台第5児童遊園,,,回収地区8,A資源-毎月2・4回目火<br>B資源-毎月1・3回目火<br>容器包装プラ-毎週金,A資源、B資源、容器包装プラ,,094-F-3,139.4674573,35.47245479
生協福田  2,総合,大和市福田3738  田中5号公園南西外側,,,回収地区9,A資源-毎月1・3回目金<BR>B資源-毎月2・4回目金<BR>容器包装プラ-毎週土,A資源、B資源、容器包装プラ,,150-B-1,139.456582,35.43745885
生協福田  1,総合,大和市福田3638,,,回収地区9,A資源-毎月1・3回目金<BR>B資源-毎月2・4回目金<BR>容器包装プラ-毎週土,A資源、B資源、容器包装プラ,,150-C-2,139.4569035,35.43680425
生協福田  3,総合,大和市福田3668  相模緑建（株）,,,回収地区9,A資源-毎月1・3回目金<BR>B資源-毎月2・4回目金<BR>容器包装プラ-毎週土,A資源、B資源、容器包装プラ,,150-B-5,139.4561642,35.43542519
西鶴間小田急  1,総合,大和市西鶴間4-5,,,回収地区5,A資源-毎月1・3回目水<br>B資源-毎月2・4回目水<br>容器包装プラ-毎週木,A資源、B資源、容器包装プラ,,064-A-4,139.4471909,35.48569566
西鶴間小田急  3,総合,大和市西鶴間4-12-38  つるかめらんど西鶴間店,,,回収地区5,A資源-毎月1・3回目水<BR>B資源-毎月2・4回目水<BR>容器包装プラ-毎週木,A資源、B資源、容器包装プラ,,063-H-4,139.4459715,35.48543677
西鶴間小田急  2,総合,大和市西鶴間4-13-12,,,回収地区5,A資源-毎月1・3回目水<BR>B資源-毎月2・4回目水<BR>容器包装プラ-毎週木,A資源、B資源、容器包装プラ,,063-F-6,139.4453875,35.48464686
西鶴間小田急  9,総合,大和市西鶴間4-14-13  小林ハイツ駐車場,,,回収地区5,A資源-毎月1・3回目水<BR>B資源-毎月2・4回目水<BR>容器包装プラ-毎週木,A資源、B資源、容器包装プラ,,063-H-7,139.4462233,35.48448978
西鶴間小田急  4,総合,大和市西鶴間4-14-6,,,回収地区5,A資源-毎月1・3回目水<BR>B資源-毎月2・4回目水<BR>容器包装プラ-毎週木,A資源、B資源、容器包装プラ,,063-G-8,139.445784,35.48382643
西鶴間第一  1,総合,大和市西鶴間1-17-1,,,回収地区6,A資源-毎月2・4回目水<br>B資源-毎月1・3回目水<br>容器包装プラ-毎週木,A資源、B資源、容器包装プラ,,056-E-6,139.4494797,35.48912224
西鶴間第一  2,総合,大和市西鶴間1-22-20  駐車場,,,回収地区6,A資源-毎月2・4回目水<BR>B資源-毎月1・3回目水<BR>容器包装プラ-毎週木,A資源、B資源、容器包装プラ,,056-D-3,139.4486127,35.49040747
西鶴間第一  3,総合,大和市西鶴間1-3-6  りそな銀行隣 駐車場,,,回収地区6,A資源-毎月2・4回目水<BR>B資源-毎月1・3回目水<BR>容器包装プラ-毎週木,A資源、B資源、容器包装プラ,,056-G-3,139.4498986,35.49065189
西鶴間第二  5,総合,大和市西鶴間2-11-17,,,回収地区3,A資源-毎月1・3回目月<BR>B資源-毎月2・4回目月<BR>容器包装プラ-毎週水,A資源、B資源、容器包装プラ,,056-A-8,139.446834,35.48831705
西鶴間第二  3,総合,大和市西鶴間2-1-9  ROY-HOT鶴間店 駐車場,,,回収地区3,A資源-毎月1・3回目月<BR>B資源-毎月2・4回目月<BR>容器包装プラ-毎週水,A資源、B資源、容器包装プラ,,056-C-9,139.4478091,35.48812506
西鶴間第二  4,総合,大和市西鶴間2-21-7,,,回収地区3,A資源-毎月1・3回目月<BR>B資源-毎月2・4回目月<BR>容器包装プラ-毎週水,A資源、B資源、容器包装プラ,,055-F-7,139.444948,35.48874031
西鶴間第二  2,総合,大和市西鶴間2-24-1  障害福祉センター 松風園,,,回収地区3,A資源-毎月1・3回目月<BR>B資源-毎月2・4回目月<BR>容器包装プラ-毎週水,A資源、B資源、容器包装プラ,,055-H-9,139.4464857,35.4881163
西鶴間第二  1,総合,大和市西鶴間2-4  西鶴間二丁目公園,,,回収地区3,A資源-毎月1・3回目月<BR>B資源-毎月2・4回目月<BR>容器包装プラ-毎週水,A資源、B資源、容器包装プラ,,056-B-5,139.4474179,35.48948227
西鶴間南  1,総合,大和市西鶴間3-12  下鶴間ぶどう園,,,回収地区5,A資源-毎月1・3回目水<br>B資源-毎月2・4回目水<br>容器包装プラ-毎週木,A資源、B資源、容器包装プラ,,056-G-8,139.4502034,35.48812127
西鶴間南  5,総合,大和市西鶴間3-5-18  西鶴間ホームズ,,,回収地区5,A資源-毎月1・3回目水<BR>B資源-毎月2・4回目水<BR>容器包装プラ-毎週木,A資源、B資源、容器包装プラ,,056-H-10,139.4508149,35.48723488
西鶴間南  4,総合,大和市西鶴間3-6  隣駐車場,,,回収地区5,A資源-毎月1・3回目水<br>B資源-毎月2・4回目水<br>容器包装プラ-毎週木,A資源、B資源、容器包装プラ,,065-A-3,139.451346,35.48618172
青葉  1,総合,大和市柳橋3-26  ハイム桜ヶ丘 公園,,,回収地区7,A資源-毎月1・3回目火<BR>B資源-毎月2・4回目火<BR>容器包装プラ-毎週金,A資源、B資源、容器包装プラ,,121-E-3,139.4627376,35.45465331
千本桜  5,総合,大和市福田3277  モミヤマ幼稚園駐車場隣P,,,回収地区9,A資源-毎月1・3回目金<BR>B資源-毎月2・4回目金<BR>容器包装プラ-毎週土,A資源、B資源、容器包装プラ,,143-E-2,139.4624809,35.44163538
千本桜  2,総合,大和市福田3339,,,回収地区9,A資源-毎月1・3回目金<br>B資源-毎月2・4回目金<br>容器包装プラ-毎週土,A資源、B資源、容器包装プラ,,142-G-9,139.4591254,35.43846848
中央五丁目  1,総合,大和市中央5-3  中央1号公園,,,回収地区7,A資源-毎月1・3回目火<BR>B資源-毎月2・4回目火<BR>容器包装プラ-毎週金,A資源、B資源、容器包装プラ,,103-A-3,139.4599885,35.4677628
中央五丁目  7,総合,大和市中央5-6-18  老人ホームベストライフ,,,回収地区7,A資源-毎月1・3回目火<BR>B資源-毎月2・4回目火<BR>容器包装プラ-毎週金,A資源、B資源、容器包装プラ,,102-C-5,139.4567952,35.46713429
中央五丁目  8,総合,大和市中央5-7-14  中央5丁目公園,,,回収地区7,A資源-毎月1・3回目火<BR>B資源-毎月2・4回目火<BR>容器包装プラ-毎週金,A資源、B資源、容器包装プラ,,101-G-4,139.4547109,35.46754882
中央四丁目  2,総合,大和市中央4-5  中央6号公園,,,回収地区7,A資源-毎月1・3回目火<BR>B資源-毎月2・4回目火<BR>容器包装プラ-毎週金,A資源、B資源、容器包装プラ,,092-E-10,139.4579738,35.46932943
中央四丁目  4,総合,大和市中央4-10  大塚酒店 隣,,,回収地区7,A資源-毎月1・3回目火<BR>B資源-毎月2・4回目火<BR>容器包装プラ-毎週金,A資源、B資源、容器包装プラ,,102-B-2,139.4561307,35.46858313
中央四丁目  5,総合,大和市中央4-14-2,,,回収地区7,A資源-毎月1・3回目火<BR>B資源-毎月2・4回目火<BR>容器包装プラ-毎週金,A資源、B資源、容器包装プラ,,092-A-10,139.4557824,35.46961304
中央四丁目  1,総合,大和市中央4-2-12  中央パーキング,,,回収地区7,A資源-毎月1・3回目火<br>B資源-毎月2・4回目火<br>容器包装プラ-毎週金,A資源、B資源、容器包装プラ,,103-A-1,139.4600666,35.46890729
中央七丁目  5,総合,大和市中央7-10  中央7丁目広場,,,回収地区8,A資源-毎月2・4回目火<BR>B資源-毎月1・3回目火<BR>容器包装プラ-毎週金,A資源、B資源、容器包装プラ,,109-H-4,139.4639106,35.46303665
中央七丁目  6,総合,大和市中央7-15  中央7丁目市民の森北東側,,,回収地区8,A資源-毎月2・4回目火<BR>B資源-毎月1・3回目火<BR>容器包装プラ-毎週金,A資源、B資源、容器包装プラ,,109-E-5,139.4624051,35.46273986
中央七丁目  1,総合,大和市中央7-1,,,回収地区8,A資源-毎月2・4回目火<BR>B資源-毎月1・3回目火<BR>容器包装プラ-毎週金,A資源、B資源、容器包装プラ,,103-G-10,139.4637016,35.46500483
中央七丁目  3,総合,大和市中央7-4　自治会館前,,,回収地区8,A資源-毎月2・4回目火<br>B資源-毎月1・3回目火<br>容器包装プラ-毎週金,A資源、B資源、容器包装プラ,,109-C-1,139.461179,35.46455161
中央七丁目  2,総合,大和市中央7-8  クレベール大和向い側畑,,,回収地区8,A資源-毎月2・4回目火<BR>B資源-毎月1・3回目火<BR>容器包装プラ-毎週金,A資源、B資源、容器包装プラ,,109-G-1,139.4632998,35.4643022
中央二・三丁目  4,総合,大和市上草柳2-8-12  神島木材（株）,,,回収地区7,A資源-毎月1・3回目火<BR>B資源-毎月2・4回目火<BR>容器包装プラ-毎週金,A資源、B資源、容器包装プラ,,091-C-5,139.4527873,35.47170333
中央二・三丁目  16,総合,大和市中央3-3-27  レクシオ大和,,,回収地区7,A資源-毎月1・3回目火<br>B資源-毎月2・4回目火<br>容器包装プラ-毎週金,A資源、B資源、容器包装プラ,,092-A-7,139.4558129,35.47109663
中央二・三丁目  12,総合,大和市中央2-14  中央3号公園,,,回収地区7,A資源-毎月1・3回目火<br>B資源-毎月2・4回目火<br>容器包装プラ-毎週金,A資源、B資源、容器包装プラ,,092-E-1,139.45785,35.47345932
中央二・三丁目  11,総合,大和市中央2-14-37  中央5号公園前,,,回収地区7,A資源-毎月1・3回目火<BR>B資源-毎月2・4回目火<BR>容器包装プラ-毎週金,A資源、B資源、容器包装プラ,,092-F-3,139.4582416,35.4726592
中央二・三丁目  9,総合,大和市中央2-5-14  ライオンズスーテーションプラザ大和,,,回収地区7,A資源-毎月1・3回目火<br>B資源-毎月2・4回目火<br>容器包装プラ-毎週金,A資源、B資源、容器包装プラ,,092-H-5,139.4598685,35.47178526
中央二・三丁目  10,総合,大和市中央2-9-15,,,回収地区7,A資源-毎月1・3回目火<BR>B資源-毎月2・4回目火<BR>容器包装プラ-毎週金,A資源、B資源、容器包装プラ,,092-H-3,139.459565,35.4725414
中央二・三丁目  2,総合,大和市中央3-1-27,,,回収地区7,A資源-毎月1・3回目火<BR>B資源-毎月2・4回目火<BR>容器包装プラ-毎週金,A資源、B資源、容器包装プラ,,092-D-8,139.4576952,35.47062991
中央二・三丁目  3,総合,大和市中央3-2-18  相模鉄道沿線,,,回収地区7,A資源-毎月1・3回目火<BR>B資源-毎月2・4回目火<BR>容器包装プラ-毎週金,A資源、B資源、容器包装プラ,,091-G-8,139.4546519,35.47039417
中央二・三丁目  7,総合,大和市中央3-5-4  神奈川県学校給食会館,,,回収地区7,A資源-毎月1・3回目火<br>B資源-毎月2・4回目火<br>容器包装プラ-毎週金,A資源、B資源、容器包装プラ,,092-D-5,139.4571675,35.47159331
中央二・三丁目  6,総合,大和市中央3-8  中央4号公園,,,回収地区7,A資源-毎月1・3回目火<BR>B資源-毎月2・4回目火<BR>容器包装プラ-毎週金,A資源、B資源、容器包装プラ,,092-C-4,139.4567039,35.47218348
中央二・三丁目  5,総合,大和市中央3-9  今井管工事 駐車場,,,回収地区7,A資源-毎月1・3回目火<BR>B資源-毎月2・4回目火<BR>容器包装プラ-毎週金,A資源、B資源、容器包装プラ,,091-H-3,139.4548983,35.47233181
中央林間新生  2,総合,大和市中央林間5-13  新生どんぐり公園,,,回収地区1,A資源-毎月1・3回目木<br>B資源-毎月2・4回目木<br>容器包装プラ-毎週火,A資源、B資源、容器包装プラ,,015-F-9,139.4406768,35.51061959
中央林間新生  1,総合,大和市中央林間5-19-11,,,回収地区1,A資源-毎月1・3回目木<BR>B資源-毎月2・4回目木<BR>容器包装プラ-毎週火,A資源、B資源、容器包装プラ,,015-C-10,139.4387963,35.50980098
中央林間新生  3,総合,大和市中央林間5-5  中央林間2号公園,,,回収地区1,A資源-毎月1・3回目木<br>B資源-毎月2・4回目木<br>容器包装プラ-毎週火,A資源、B資源、容器包装プラ,,009-A-8,139.4423368,35.51084521
中央林間西  7,総合,大和市中央林間西4-30-22  フォーヴル青木,,,回収地区1,A資源-毎月1・3回目木<BR>B資源-毎月2・4回目木<BR>容器包装プラ-毎週火,A資源、B資源、容器包装プラ,,018-D-8,139.439659,35.50621813
中央林間西  8,総合,大和市中央林間西4-18-12,,,回収地区1,A資源-毎月1・3回目木<BR>B資源-毎月2・4回目木<BR>容器包装プラ-毎週火,A資源、B資源、容器包装プラ,,018-B-10,139.4385768,35.50525802
中央林間西  9,総合,大和市中央林間西5-20-17,,,回収地区1,A資源-毎月1・3回目木<BR>B資源-毎月2・4回目木<BR>容器包装プラ-毎週火,A資源、B資源、容器包装プラ,,027-H-1,139.4371462,35.50490886
中央林間西  4,総合,大和市中央林間3-10-15  静岡銀行駐車場,,,回収地区1,A資源-毎月1・3回目木<br>B資源-毎月2・4回目木<br>容器包装プラ-毎週火,A資源、B資源、容器包装プラ,,019-B-5,139.4430132,35.50756499
中央林間西  5,総合,大和市中央林間3-13-4,,,回収地区1,A資源-毎月1・3回目木<BR>B資源-毎月2・4回目木<BR>容器包装プラ-毎週火,A資源、B資源、容器包装プラ,,018-H-5,139.4417646,35.50760159
中央林間西  6,総合,大和市中央林間3-14  市立中央林間公園入口,,,回収地区1,A資源-毎月1・3回目木<br>B資源-毎月2・4回目木<br>容器包装プラ-毎週火,A資源、B資源、容器包装プラ,,018-F-4,139.4406671,35.50805528
中央林間西  15,総合,大和市中央林間3-28-14向い  相模カンツリー倶楽部横,,,回収地区1,A資源-毎月1・3回目木<BR>B資源-毎月2・4回目木<BR>容器包装プラ-毎週火,A資源、B資源、容器包装プラ,,018-B-4,139.4383248,35.50813827
中央林間西  3,総合,大和市中央林間5-17  多胡記念公園,,,回収地区1,A資源-毎月1・3回目木<BR>B資源-毎月2・4回目木<BR>容器包装プラ-毎週火,A資源、B資源、容器包装プラ,,018-C-2,139.4391231,35.50903292
中央林間西  2,総合,大和市中央林間5-9-8,,,回収地区1,A資源-毎月1・3回目木<BR>B資源-毎月2・4回目木<BR>容器包装プラ-毎週火,A資源、B資源、容器包装プラ,,018-G-2,139.4410787,35.50925554
中央林間西  1,総合,大和市中央林間5-7-16  エクセル中央林間の向い側,,,回収地区1,A資源-毎月1・3回目木<BR>B資源-毎月2・4回目木<BR>容器包装プラ-毎週火,A資源、B資源、容器包装プラ,,009-A-10<BR>R5年3月末に廃止,139.4426057,35.50968762
中央林間東  6,総合,大和市中央林間2-16-28  （株）エス・ティ・エス隣,,,回収地区4,A資源-毎月2・4回目月<br>B資源-毎月1・3回目月<br>容器包装プラ-毎週水,A資源、B資源、容器包装プラ,,030-E-5,139.4491871,35.50322125
中央林間東  3,総合,大和市中央林間2-16-41  中央林間1号公園,,,回収地区4,A資源-毎月2・4回目月<BR>B資源-毎月1・3回目月<BR>容器包装プラ-毎週水,A資源、B資源、容器包装プラ,,030-B-6,139.447187,35.50265292
中央林間東  2,総合,大和市中央林間2-17-20  サンワイドコーポ向い側,,,回収地区4,A資源-毎月2・4回目月<br>B資源-毎月1・3回目月<br>容器包装プラ-毎週水,A資源、B資源、容器包装プラ,,030-A-9,139.4469413,35.5013294
中央林間東  1,総合,大和市中央林間2-21-30  レーベンハイム中央林間シェール,,,回収地区4,A資源-毎月2・4回目月<BR>B資源-毎月1・3回目月<BR>容器包装プラ-毎週水,A資源、B資源、容器包装プラ,,030-E-8,139.4487784,35.50187616
中央林間東  5,総合,大和市中央林間2-15-4  斎藤ハイツ隣、鉄塔,,,回収地区4,A資源-毎月2・4回目月<br>B資源-毎月1・3回目月<br>容器包装プラ-毎週水,A資源、B資源、容器包装プラ,,029-H-4,139.4463546,35.50364902
中央林間東  7,総合,大和市中央林間2-3-4,,,回収地区4,A資源-毎月2・4回目月<BR>B資源-毎月1・3回目月<BR>容器包装プラ-毎週水,A資源、B資源、容器包装プラ,,029-D-3,139.4443419,35.50401878
中央林間東  4,総合,大和市中央林間2-6-17 みどり野リハビリテーション裏通り,,,回収地区4,A資源-毎月2・4回目月<BR>B資源-毎月1・3回目月<BR>容器包装プラ-毎週水,A資源、B資源、容器包装プラ,,029-F-7,139.4453305,35.50211827
中央林間内山  8,総合,大和市中央林間9-51-9  五差路の倉庫前,,,回収地区1,A資源-毎月1・3回目木<br>B資源-毎月2・4回目木<br>容器包装プラ-毎週火,A資源、B資源、容器包装プラ,,004-B-7,139.4474588,35.5156765
中央林間内山  7,総合,大和市中央林間9-33-24  六差路,,,回収地区1,A資源-毎月1・3回目木<br>B資源-毎月2・4回目木<br>容器包装プラ-毎週火,A資源、B資源、容器包装プラ,,010-E-2,139.4490596,35.51383165
中央林間内山  4,総合,大和市中央林間9-11  緑の広場36号,,,回収地区1,A資源-毎月1・3回目木<BR>B資源-毎月2・4回目木<BR>容器包装プラ-毎週火,A資源、B資源、容器包装プラ,,010-F-6,139.4495656,35.51184364
中央林間内山  11,総合,大和市中央林間8-26-5  駐車場,,,回収地区1,A資源-毎月1・3回目木<BR>B資源-毎月2・4回目木<BR>容器包装プラ-毎週火,A資源、B資源、容器包装プラ,,010-F-10,139.4494799,35.50981
中央林間内山  18,総合,大和市中央林間8-10  下鶴間橋西側,,,回収地区1,A資源-毎月1・3回目木<br>B資源-毎月2・4回目木<br>容器包装プラ-毎週火,A資源、B資源、容器包装プラ,,020-H-3,139.4507737,35.50851919
中央林間内山  5,総合,大和市中央林間8-8,,,回収地区1,A資源-毎月1・3回目木<br>B資源-毎月2・4回目木<br>容器包装プラ-毎週火,A資源、B資源、容器包装プラ,,020-F-4,139.4495433,35.50828499
中央林間内山  6,総合,大和市中央林間6-23-3,,,回収地区1,A資源-毎月1・3回目木<BR>B資源-毎月2・4回目木<BR>容器包装プラ-毎週火,A資源、B資源、容器包装プラ,,010-A-3,139.4466133,35.51289529
中央林間内山  9,総合,大和市中央林間6-4,,,回収地区1,A資源-毎月1・3回目木<BR>B資源-毎月2・4回目木<BR>容器包装プラ-毎週火,A資源、B資源、容器包装プラ,,009-G-8,139.4453329,35.51095763
中央林間内山  1,総合,大和市中央林間6-5-4  セ・パルレ中央林間1番館,,,回収地区1,A資源-毎月1・3回目木<BR>B資源-毎月2・4回目木<BR>容器包装プラ-毎週火,A資源、B資源、容器包装プラ,,019-H-2,139.446008,35.50935604
中央林間南  10,総合,大和市中央林間西4-22  緑野公園,,,回収地区1,A資源-毎月1・3回目木<BR>B資源-毎月2・4回目木<BR>容器包装プラ-毎週火,A資源、B資源、容器包装プラ,,028-E-3,139.4400985,35.50388339
中央林間南  4,総合,大和市中央林間西4-8  宇都宮記念公園,,,回収地区1,A資源-毎月1・3回目木<BR>B資源-毎月2・4回目木<BR>容器包装プラ-毎週火,A資源、B資源、容器包装プラ,,028-F-5,139.4405807,35.50296695
中央林間南  12,総合,大和市中央林間1-22-20  松原幼稚園,,,回収地区1,A資源-毎月1・3回目木<BR>B資源-毎月2・4回目木<BR>容器包装プラ-毎週火,A資源、B資源、容器包装プラ,,028-G-1,139.4414218,35.5050748
中央林間南  8,総合,大和市中央林間西4-23　緑野2号公園,,,回収地区1,A資源-毎月1・3回目木<BR>B資源-毎月2・4回目木<BR>容器包装プラ-毎週火,A資源、B資源、容器包装プラ,,028-D-3,139.4394448,35.5040012
中央林間南  9,総合,大和市中央林間西4-27-26  グリーンビレッジA,,,回収地区1,A資源-毎月1・3回目木<BR>B資源-毎月2・4回目木<BR>容器包装プラ-毎週火,A資源、B資源、容器包装プラ,,018-E-10,139.4402967,35.50523624
中央林間南  1,総合,大和市中央林間1-1-7  座間街道沿い,,,回収地区1,A資源-毎月1・3回目木<br>B資源-毎月2・4回目木<br>容器包装プラ-毎週火,A資源、B資源、容器包装プラ,,029-D-9,139.4437616,35.50102165
中央林間南  5,総合,大和市中央林間1-15-2,,,回収地区1,A資源-毎月1・3回目木<BR>B資源-毎月2・4回目木<BR>容器包装プラ-毎週火,A資源、B資源、容器包装プラ,,028-H-7,139.4419524,35.50236912
中央林間南  2,総合,大和市中央林間1-11-30,,,回収地区1,A資源-毎月1・3回目木<br>B資源-毎月2・4回目木<br>容器包装プラ-毎週火,A資源、B資源、容器包装プラ,,029-A-8,139.4424267,35.50147816
中央林間南  6,総合,大和市中央林間1-16,,,回収地区1,A資源-毎月1・3回目木<BR>B資源-毎月2・4回目木<BR>容器包装プラ-毎週火,A資源、B資源、容器包装プラ,,029-A-5,139.4423435,35.50331612
上和田  20,総合,大和市上和田3294　スリーエフ大和上和田団地店内,,,回収地区10,A資源-毎月2・4回目金<BR>B資源-毎月1・3回目金<BR>容器包装プラ-毎週土,A資源、B資源、容器包装プラ,,153-E-2,139.4712842,35.43703592
札の辻  4,総合,大和市渋谷4-3-1  クリオ高座渋谷壱番館,,,回収地区9,A資源-毎月1・3回目金<BR>B資源-毎月2・4回目金<BR>容器包装プラ-毎週土,A資源、B資源、容器包装プラ,,151-A-1,139.4605469,35.4373193
札の辻  2,総合,大和市渋谷2-17-9  ファミールE,,,回収地区9,A資源-毎月1・3回目金<BR>B資源-毎月2・4回目金<BR>容器包装プラ-毎週土,A資源、B資源、容器包装プラ,,151-F-1,139.4628454,35.43746338
札の辻  1,総合,大和市渋谷2-27-5  駐車場,,,回収地区9,A資源-毎月1・3回目金<BR>B資源-毎月2・4回目金<BR>容器包装プラ-毎週土,A資源、B資源、容器包装プラ,,143-F-8,139.4631133,35.43885551
札の辻  6,総合,大和市渋谷3-5  札の辻1号公園北側,,,回収地区9,A資源-毎月1・3回目金<BR>B資源-毎月2・4回目金<BR>容器包装プラ-毎週土,A資源、B資源、容器包装プラ,,143-B-7,139.4608629,35.43917839
札の辻  5,総合,大和市渋谷3-8-1  第2ナミキハイツ東側,,,回収地区9,A資源-毎月1・3回目金<BR>B資源-毎月2・4回目金<BR>容器包装プラ-毎週土,A資源、B資源、容器包装プラ,,143-C-9,139.4615059,35.43814849
三ツ和  9,総合,大和市深見2017  諏訪神社,,,回収地区8,A資源-毎月2・4回目火<BR>B資源-毎月1・3回目火<BR>容器包装プラ-毎週金,A資源、B資源、容器包装プラ,,086-H-3,139.4682982,35.4770715
三ツ和  13,総合,大和市深見台4-10-29  コミセン深見中会館入口,,,回収地区8,A資源-毎月2・4回目火<br>B資源-毎月1・3回目火<br>容器包装プラ-毎週金,A資源、B資源、容器包装プラ,,094-E-1,139.4667861,35.47335157
三ツ和  10,総合,大和市深見東1-2-33  DCM大和深見店,,,回収地区8,A資源-毎月2・4回目火<BR>B資源-毎月1・3回目火<BR>容器包装プラ-毎週金,A資源、B資源、容器包装プラ,,086-E-6,139.4666748,35.47575352
三ツ和  2,総合,大和市深見台4-14-20,,,回収地区8,A資源-毎月2・4回目火<BR>B資源-毎月1・3回目火<BR>容器包装プラ-毎週金,A資源、B資源、容器包装プラ,,086-E-9,139.4669588,35.47454033
三ツ和  4,総合,大和市深見東1-1-32  （株）川弘,,,回収地区8,A資源-毎月2・4回目火<BR>B資源-毎月1・3回目火<BR>容器包装プラ-毎週金,A資源、B資源、容器包装プラ,,086-C-6,139.465839,35.47566622
三ツ和  12,総合,大和市深見東1-4-19,,,回収地区8,A資源-毎月2・4回目火<BR>B資源-毎月1・3回目火<BR>容器包装プラ-毎週金,A資源、B資源、容器包装プラ,,086-F-1,139.4673445,35.47804029
三ツ和  1,総合,大和市大和東3-11-21  大和東児童遊園入口,,,回収地区8,A資源-毎月2・4回目火<BR>B資源-毎月1・3回目火<BR>容器包装プラ-毎週金,A資源、B資源、容器包装プラ,,094-B-1,139.4650783,35.47327034
山王原  5,総合,大和市下鶴間3016  鶴間中学校,,,回収地区6,A資源-毎月2・4回目水<br>B資源-毎月1・3回目水<br>容器包装プラ-毎週木,A資源、B資源、容器包装プラ,,047-H-1,139.4550973,35.49598522
山王原  10,総合,大和市下鶴間2554,,,回収地区6,A資源-毎月2・4回目水<br>B資源-毎月1・3回目水<br>容器包装プラ-毎週木,A資源、B資源、容器包装プラ,,041-D-9,139.4621944,35.4969517
山王原  8,総合,大和市下鶴間2559,,,回収地区6,A資源-毎月2・4回目水<BR>B資源-毎月1・3回目水<BR>容器包装プラ-毎週木,A資源、B資源、容器包装プラ,,049-D-1,139.4618894,35.49610725
長堀  17,総合,大和市下鶴間2563  （RS.No17小規模とｾｯﾄ）,,,回収地区6,A資源-毎月2・4回目水<BR>B資源-毎月1・3回目水<BR>容器包装プラ-毎週木,A資源、B資源、容器包装プラ,小規模RS.No17とセット,049-F-4,139.462586,35.49476315
山王原  13,総合,大和市下鶴間2563-57 (RS.No13小規模とセット),,,回収地区6,A資源-毎月2・4回目水<BR>B資源-毎月1・3回目水<BR>容器包装プラ-毎週木,A資源、B資源、容器包装プラ,小規模RS.No13とセット,049-E-3,139.4622109,35.49510354
山王原  6,総合,大和市下鶴間2786-4　山王原西公園,,,回収地区6,A資源-毎月2・4回目水<BR>B資源-毎月1・3回目水<BR>容器包装プラ-毎週木,A資源、B資源、容器包装プラ,,048-A-6,139.4555698,35.49399708
山王原  1,総合,大和市下鶴間2856-32  （有）カモシダ工業の角,,,回収地区6,A資源-毎月2・4回目水<BR>B資源-毎月1・3回目水<BR>容器包装プラ-毎週木,A資源、B資源、容器包装プラ,,049-B-1,139.4606357,35.49567955
山王原  12,総合,大和市下鶴間2870,,,回収地区6,A資源-毎月2・4回目水<BR>B資源-毎月1・3回目水<BR>容器包装プラ-毎週木,A資源、B資源、容器包装プラ,,041-B-9,139.4606678,35.49708913
山王原  2,総合,大和市下鶴間2943  山王原自治会館,,,回収地区6,A資源-毎月2・4回目水<BR>B資源-毎月1・3回目水<BR>容器包装プラ-毎週木,A資源、B資源、容器包装プラ,,048-G-2,139.4590926,35.4955835
山王原  4,総合,大和市下鶴間2950  山王原公園,,,回収地区6,A資源-毎月2・4回目水<BR>B資源-毎月1・3回目水<BR>容器包装プラ-毎週木,A資源、B資源、容器包装プラ,,048-D-2,139.4570137,35.49551798
山王原  3,総合,大和市下鶴間2967,,,回収地区6,A資源-毎月2・4回目水<br>B資源-毎月1・3回目水<br>容器包装プラ-毎週木,A資源、B資源、容器包装プラ,,040-G-8,139.458928,35.49748945
山王原上  5,総合,大和市下鶴間2923 プランドール鶴間ゴミ置場,,,回収地区4,A資源-毎月2・4回目月<BR>B資源-毎月1・3回目月<BR>容器包装プラ-毎週水,A資源、B資源、容器包装プラ,,041-A-5,139.4599794,35.49877666
山王原上  3,総合,大和市下鶴間1803,,,回収地区4,A資源-毎月2・4回目月<BR>B資源-毎月1・3回目月<BR>容器包装プラ-毎週水,A資源、B資源、容器包装プラ,,040-B-4,139.4563706,35.49914011
山王原上  4,総合,大和市下鶴間1823-1  フレマリール,,,回収地区4,A資源-毎月2・4回目月<BR>B資源-毎月1・3回目月<BR>容器包装プラ-毎週水,A資源、B資源、容器包装プラ,,040-E-3,139.4578869,35.49970748
山王原上  6,総合,大和市下鶴間2886  駐車場前,,,回収地区4,A資源-毎月2・4回目月<BR>B資源-毎月1・3回目月<BR>容器包装プラ-毎週水,A資源、B資源、容器包装プラ,,041-A-8,139.4599605,35.49753424
山王原上  1,総合,大和市下鶴間3000,,,回収地区4,A資源-毎月2・4回目月<BR>B資源-毎月1・3回目月<BR>容器包装プラ-毎週水,A資源、B資源、容器包装プラ,,039-E-5,139.4534881,35.49857271
山王原上  2,総合,大和市下鶴間3018  ルミエール山王B・こども広場入口,,,回収地区4,A資源-毎月2・4回目月<BR>B資源-毎月1・3回目月<BR>容器包装プラ-毎週水,A資源、B資源、容器包装プラ,,039-H-7,139.4551652,35.49781778
山下  6,総合,大和市福田2-29-11,,,回収地区9,A資源-毎月1・3回目金<BR>B資源-毎月2・4回目金<BR>容器包装プラ-毎週土,A資源、B資源、容器包装プラ,,129-F-9,139.4632308,35.44742211
山下  2,総合,大和市福田7-13-1  畑,,,回収地区9,A資源-毎月1・3回目金<br>B資源-毎月2・4回目金<br>容器包装プラ-毎週土,A資源、B資源、容器包装プラ,,129-B-4,139.4611906,35.4494692
山下  4,総合,大和市福田7-34-1,,,回収地区9,A資源-毎月1・3回目金<BR>B資源-毎月2・4回目金<BR>容器包装プラ-毎週土,A資源、B資源、容器包装プラ,,128-E-2,139.4581594,35.45055754
山下  3,総合,大和市福田7-6-21  関水獣医科医院,,,回収地区9,A資源-毎月1・3回目金<BR>B資源-毎月2・4回目金<BR>容器包装プラ-毎週土,A資源、B資源、容器包装プラ,,129-A-2,139.460166,35.45061214
山谷  3,総合,大和市下鶴間2152  名和公園,,,回収地区2,A資源-毎月2・4回目木<BR>B資源-毎月1・3回目木<BR>容器包装プラ-毎週火,A資源、B資源、容器包装プラ,,034-C-4,139.4655218,35.50380114
山谷  2,総合,大和市下鶴間2170  大上公園,,,回収地区2,A資源-毎月2・4回目木<BR>B資源-毎月1・3回目木<BR>容器包装プラ-毎週火,A資源、B資源、容器包装プラ,,024-C-9,139.465452,35.50614027
山谷  6,総合,大和市下鶴間699-19  モアクレスト,,,回収地区2,A資源-毎月2・4回目木<BR>B資源-毎月1・3回目木<BR>容器包装プラ-毎週火,A資源、B資源、容器包装プラ,,023-E-6,139.4623926,35.5074974
山谷  1,総合,大和市下鶴間692　北大和小学校西側,,,回収地区2,A資源-毎月2・4回目木<BR>B資源-毎月1・3回目木<BR>容器包装プラ-毎週火,A資源、B資源、容器包装プラ,,023-C-2,139.4613317,35.50901169
山谷  5,総合,大和市下鶴間721  隣三角場,,,回収地区2,A資源-毎月2・4回目木<BR>B資源-毎月1・3回目木<BR>容器包装プラ-毎週火,A資源、B資源、容器包装プラ,,023-H-2,139.4640374,35.50926924
子安  1,総合,大和市上草柳9-3  子安ちびっこ広場,,,回収地区5,A資源-毎月1・3回目水<BR>B資源-毎月2・4回目水<BR>容器包装プラ-毎週木,A資源、B資源、容器包装プラ,,073-G-5,139.4458806,35.48067124
若葉会  6,総合,大和市柳橋4-15-6,,,回収地区7,A資源-毎月1・3回目火<BR>B資源-毎月2・4回目火<BR>容器包装プラ-毎週金,A資源、B資源、容器包装プラ,,115-C-5,139.4615159,35.45818814
若葉会  5,総合,大和市柳橋4-21-12,,,回収地区7,A資源-毎月1・3回目火<BR>B資源-毎月2・4回目火<BR>容器包装プラ-毎週金,A資源、B資源、容器包装プラ,,115-C-6,139.461264,35.45779537
若葉会  3,総合,大和市柳橋4-2-22  柳橋小学校プール付近,,,回収地区7,A資源-毎月1・3回目火<BR>B資源-毎月2・4回目火<BR>容器包装プラ-毎週金,A資源、B資源、容器包装プラ,,109-C-10,139.4617676,35.46022616
若葉会  1,総合,大和市柳橋4-3-2  若葉会自治会館,,,回収地区7,A資源-毎月1・3回目火<br>B資源-毎月2・4回目火<br>容器包装プラ-毎週金,A資源、B資源、容器包装プラ,,109-B-9,139.4609703,35.46074873
若葉会  2,総合,大和市柳橋4-7  共同カイテック（株）,,,回収地区7,A資源-毎月1・3回目火<br>B資源-毎月2・4回目火<br>容器包装プラ-毎週金,A資源、B資源、容器包装プラ,,115-A-3,139.4601677,35.45916749
若葉会  4,総合,大和市柳橋4-8  共同カイテック（株）駐車場,,,回収地区7,A資源-毎月1・3回目火<br>B資源-毎月2・4回目火<br>容器包装プラ-毎週金,A資源、B資源、容器包装プラ,,115-C-3,139.4612145,35.45942508
宿  2,総合,大和市下鶴間2280  宿公園,,,回収地区4,A資源-毎月2・4回目月<BR>B資源-毎月1・3回目月<BR>容器包装プラ-毎週水,A資源、B資源、容器包装プラ,,042-D-2,139.4659613,35.50018337
宿  1,総合,大和市下鶴間2354  宿自治会館,,,回収地区4,A資源-毎月2・4回目月<BR>B資源-毎月1・3回目月<BR>容器包装プラ-毎週水,A資源、B資源、容器包装プラ,,034-B-9,139.4653236,35.50117399
宿  3,総合,大和市下鶴間2365,,,回収地区4,A資源-毎月2・4回目月<BR>B資源-毎月1・3回目月<BR>容器包装プラ-毎週水,A資源、B資源、容器包装プラ,,042-A-1,139.4642896,35.50072883
松ヶ丘  4,総合,大和市福田3-10,,,回収地区9,A資源-毎月1・3回目金<BR>B資源-毎月2・4回目金<BR>容器包装プラ-毎週土,A資源、B資源、容器包装プラ,,135-G-7,139.4640239,35.44380871
松ヶ丘  1,総合,大和市福田3-15  松ヶ丘公園,,,回収地区9,A資源-毎月1・3回目金<br>B資源-毎月2・4回目金<br>容器包装プラ-毎週土,A資源、B資源、容器包装プラ,,136-A-1,139.4647674,35.44651223
松ヶ丘  2,総合,大和市福田3-4-6,,,回収地区9,A資源-毎月1・3回目金<BR>B資源-毎月2・4回目金<BR>容器包装プラ-毎週土,A資源、B資源、容器包装プラ,,136-B-3,139.4652053,35.44541689
松ヶ丘  3,総合,大和市福田3-7-1  駐車場,,,回収地区9,A資源-毎月1・3回目金<BR>B資源-毎月2・4回目金<BR>容器包装プラ-毎週土,A資源、B資源、容器包装プラ,,136-B-5,139.4652616,35.44453754
上草柳西  7,総合,大和市上草柳174  ヴァンベール文ヶ岡,,,回収地区5,A資源-毎月1・3回目水<BR>B資源-毎月2・4回目水<BR>容器包装プラ-毎週木,A資源、B資源、容器包装プラ,,080-C-6,139.4391405,35.47580952
上草柳西  11,総合,大和市上草柳173,,,回収地区5,A資源-毎月1・3回目水<br>B資源-毎月2・4回目水<br>容器包装プラ-毎週木,A資源、B資源、容器包装プラ,,080-E-5,139.4404291,35.47634633
上草柳西  2,総合,大和市上草柳104-4,,,回収地区5,A資源-毎月1・3回目水<br>B資源-毎月2・4回目水<br>容器包装プラ-毎週木,A資源、B資源、容器包装プラ,,089-C-5,139.44376,35.47187012
上草柳西  16,総合,大和市上草柳123-9,,,回収地区5,A資源-毎月1・3回目水<br>B資源-毎月2・4回目水<br>容器包装プラ-毎週木,A資源、B資源、容器包装プラ,,089-A-7,139.4425807,35.47082651
上草柳西  6,総合,大和市上草柳170  グリーンヒルズマンションB,,,回収地区5,A資源-毎月1・3回目水<BR>B資源-毎月2・4回目水<BR>容器包装プラ-毎週木,A資源、B資源、容器包装プラ,,080-C-7,139.4390387,35.47508946
上草柳西  10,総合,大和市上草柳176-4  ヴェルドミール,,,回収地区5,A資源-毎月1・3回目水<BR>B資源-毎月2・4回目水<BR>容器包装プラ-毎週木,A資源、B資源、容器包装プラ,,080-E-7,139.4404479,35.47520296
上草柳西  5,総合,大和市上草柳165-8,,,回収地区5,A資源-毎月1・3回目水<BR>B資源-毎月2・4回目水<BR>容器包装プラ-毎週木,A資源、B資源、容器包装プラ,,080-F-9,139.4408926,35.47442617
上草柳西  12,総合,大和市上草柳180-4,,,回収地区5,A資源-毎月1・3回目水<BR>B資源-毎月2・4回目水<BR>容器包装プラ-毎週木,A資源、B資源、容器包装プラ,,081-A-8,139.4426446,35.47482335
上草柳西  8,総合,大和市上草柳184-6,,,回収地区5,A資源-毎月1・3回目水<br>B資源-毎月2・4回目水<br>容器包装プラ-毎週木,A資源、B資源、容器包装プラ,,081-A-10,139.4430635,35.47388108
上草柳西  3,総合,大和市上草柳183-2  タウン泉の森1,,,回収地区5,A資源-毎月1・3回目水<br>B資源-毎月2・4回目水<br>容器包装プラ-毎週木,A資源、B資源、容器包装プラ,,081-D-8,139.4443692,35.474882
上草柳西  14,総合,大和市上草柳185-2  エスポワール文ヶ岡,,,回収地区5,A資源-毎月1・3回目水<br>B資源-毎月2・4回目水<br>容器包装プラ-毎週木,A資源、B資源、容器包装プラ,,089-B-1,139.4432293,35.47330815
上草柳西  15,総合,大和市上草柳190-4,,,回収地区5,A資源-毎月1・3回目水<br>B資源-毎月2・4回目水<br>容器包装プラ-毎週木,A資源、B資源、容器包装プラ,,089-G-3,139.4456925,35.47263429
上草柳西  13,総合,大和市上草柳195　文ヶ岡ちびっ子広場,,,回収地区5,A資源-毎月1・3回目水<br>B資源-毎月2・4回目水<br>容器包装プラ-毎週木,A資源、B資源、容器包装プラ,,081-F-7,139.445472,35.4752027
上草柳西  4,総合,大和市上草柳441  巴工業（株）前,,,回収地区5,A資源-毎月1・3回目水<BR>B資源-毎月2・4回目水<BR>容器包装プラ-毎週木,A資源、B資源、容器包装プラ,,081-D-6,139.4442948,35.47584457
上草柳西  9,総合,大和市上草柳769-2  ロイヤルタウン,,,回収地区5,A資源-毎月1・3回目水<BR>B資源-毎月2・4回目水<BR>容器包装プラ-毎週木,A資源、B資源、容器包装プラ,,082-A-9,139.4470756,35.47400739
上福田  2,総合,大和市福田2-18-1,,,回収地区9,A資源-毎月1・3回目金<br>B資源-毎月2・4回目金<br>容器包装プラ-毎週土,A資源、B資源、容器包装プラ,,129-G-2,139.4637244,35.45050275
上福田  3,総合,大和市福田2-12  いなげや第一駐車場西側駐車場,,,回収地区9,A資源-毎月1・3回目金<BR>B資源-毎月2・4回目金<BR>容器包装プラ-毎週土,A資源、B資源、容器包装プラ,,129-F-5,139.4634129,35.44918955
上草柳睦会  1,総合,大和市上草柳9-11-19  県営鶴間タウンハウス,,,回収地区5,A資源-毎月1・3回目水<br>B資源-毎月2・4回目水<br>容器包装プラ-毎週木,A資源、B資源、容器包装プラ,,073-H-2,139.4462159,35.48210214
上草柳北  2,総合,大和市上草柳7-6  大野原公園,,,回収地区5,A資源-毎月1・3回目水<BR>B資源-毎月2・4回目水<BR>容器包装プラ-毎週木,A資源、B資源、容器包装プラ,,065-B-9,139.451801,35.48344692
上草柳北  5,総合,大和市上草柳7-4-26  大野原小学校,,,回収地区5,A資源-毎月1・3回目水<BR>B資源-毎月2・4回目水<BR>容器包装プラ-毎週木,A資源、B資源、容器包装プラ,,065-D-7,139.4533172,35.4842063
上草柳北  1,総合,大和市上草柳7-10-24  上草柳7丁目児童遊園,,,回収地区5,A資源-毎月1・3回目水<br>B資源-毎月2・4回目水<br>容器包装プラ-毎週木,A資源、B資源、容器包装プラ,,065-A-6,139.4512336,35.48492336
上草柳北  4,総合,大和市上草柳7-10-14,,,回収地区5,A資源-毎月1・3回目水<BR>B資源-毎月2・4回目水<BR>容器包装プラ-毎週木,A資源、B資源、容器包装プラ,,065-A-7,139.4511901,35.48415388
上草柳北  6,総合,大和市上草柳5-2-19,,,回収地区5,A資源-毎月1・3回目水<BR>B資源-毎月2・4回目水<BR>容器包装プラ-毎週木,A資源、B資源、容器包装プラ,,075-D-6,139.4532906,35.4803965
上草柳北  3,総合,大和市上草柳5-8-10  （有）相模新晃運輸,,,回収地区5,A資源-毎月1・3回目水<BR>B資源-毎月2・4回目水<BR>容器包装プラ-毎週木,A資源、B資源、容器包装プラ,,075-C-3,139.4524708,35.48166641
上草柳東  2,総合,大和市上草柳4-1  上草柳東自治会館,,,回収地区7,A資源-毎月1・3回目火<br>B資源-毎月2・4回目火<br>容器包装プラ-毎週金,A資源、B資源、容器包装プラ,,084-C-2,139.4565174,35.47762772
上草柳東  4,総合,大和市上草柳1-1  大和市営スポーツセンター北側,,,回収地区7,A資源-毎月1・3回目火<br>B資源-毎月2・4回目火<br>容器包装プラ-毎週金,A資源、B資源、容器包装プラ,,084-D-5,139.4575813,35.47638828
上草柳東  1,総合,大和市上草柳1-1  大和市営スポーツセンター西側,,,回収地区7,A資源-毎月1・3回目火<BR>B資源-毎月2・4回目火<BR>容器包装プラ-毎週金,A資源、B資源、容器包装プラ,,084-B-7,139.4563555,35.47526448
札の辻  8,総合,大和市渋谷5-6-1,,,回収地区9,A資源-毎月1・3回目金<br>B資源-毎月2・4回目金<br>容器包装プラ-毎週土,A資源、B資源、容器包装プラ,,151-D-4,139.4619185,35.436242
上草柳西  1,総合,大和市上草柳65-4  ジャンボ大和洗車場の斜向い,,,回収地区5,A資源-毎月1・3回目水<BR>B資源-毎月2・4回目水<BR>容器包装プラ-毎週木,A資源、B資源、容器包装プラ,,090-B-5,139.4476758,35.4715199
中央林間南  7,総合,大和市中央林間1-19-24  南側駐車場,,,回収地区1,A資源-毎月1・3回目木<BR>B資源-毎月2・4回目木<BR>容器包装プラ-毎週火,A資源、B資源、容器包装プラ,,028-G-4,139.4410415,35.50361721
中央林間南  11,総合,大和市中央林間1-17-10,,,回収地区1,A資源-毎月1・3回目木;br;B資源-毎月2・4回目木;br;容器包装プラ-毎週火,A資源、B資源、容器包装プラ,,029-A-2,139.4422309,35.50436785
中央林間南  3,総合,大和市中央林間1-2  児童公園東側道路沿,,,回収地区1,A資源-毎月1・3回目木<br>B資源-毎月2・4回目木<br>容器包装プラ-毎週火,A資源、B資源、容器包装プラ,,029-D-6,139.4442911,35.50263198
中央林間南  14,総合,大和市中央林間1-7　スポーツ広場北側歩道,,,回収地区1,A資源-毎月1・3回目木<BR>B資源-毎月2・4回目木<BR>容器包装プラ-毎週火,A資源、B資源、容器包装プラ,,029-C-2,139.4435114,35.50447262
中央林間北  1,総合,大和市中央林間4-14  児童遊園,,,回収地区1,A資源-毎月1・3回目木<BR>B資源-毎月2・4回目木<BR>容器包装プラ-毎週火,A資源、B資源、容器包装プラ,,019-G-4,139.4456759,35.50812974
中央林間北  5,総合,大和市中央林間4-1-11  日能研前,,,回収地区1,A資源-毎月1・3回目木<BR>B資源-毎月2・4回目木<BR>容器包装プラ-毎週火,A資源、B資源、容器包装プラ,,019-E-9,139.4445347,35.50574695
中央林間北  2,総合,大和市中央林間4-18  柿ノ木通り公園の向い側,,,回収地区1,A資源-毎月1・3回目木<BR>B資源-毎月2・4回目木<BR>容器包装プラ-毎週火,A資源、B資源、容器包装プラ,,020-B-5,139.4472726,35.50773266
中央林間北  6,総合,大和市中央林間4-25  日清工業（株）駐車場前,,,回収地区1,A資源-毎月1・3回目木<br>B資源-毎月2・4回目木<br>容器包装プラ-毎週火,A資源、B資源、容器包装プラ,,020-D-9,139.4480494,35.5060199
中央林間北  7,総合,大和市中央林間4-22-17  （株）げんよう倉庫前,,,回収地区1,A資源-毎月1・3回目木<BR>B資源-毎月2・4回目木<BR>容器包装プラ-毎週火,A資源、B資源、容器包装プラ,,030-B-1,139.4471494,35.50490912
中央六丁目  5,総合,大和市草柳2-12,,,回収地区7,A資源-毎月1・3回目火<BR>B資源-毎月2・4回目火<BR>容器包装プラ-毎週金,A資源、B資源、容器包装プラ,,108-E-6,139.4581723,35.46239062
中央六丁目  4,総合,大和市草柳2-5  草柳3号公園,,,回収地区7,A資源-毎月1・3回目火<br>B資源-毎月2・4回目火<br>容器包装プラ-毎週金,A資源、B資源、容器包装プラ,,108-D-2,139.4575622,35.46383419
中央六丁目  7,総合,大和市中央6-10  緑の広場46号,,,回収地区7,A資源-毎月1・3回目火<BR>B資源-毎月2・4回目火<BR>容器包装プラ-毎週金,A資源、B資源、容器包装プラ,,108-G-8,139.459169,35.46116872
中央六丁目  6,総合,大和市中央6-8-14  （株）日立ビルシステム,,,回収地区7,A資源-毎月1・3回目火<BR>B資源-毎月2・4回目火<BR>容器包装プラ-毎週金,A資源、B資源、容器包装プラ,2024年11月30日で廃止,108-G-7,139.4592172,35.46199789
中央六丁目  8,総合,大和市草柳3-7-1  メール（株）横,,,回収地区7,A資源-毎月1・3回目火<br>B資源-毎月2・4回目火<br>容器包装プラ-毎週金,A資源、B資源、容器包装プラ,,114-D・E-5,139.4577429,35.45809274
中央六丁目  9,総合,大和市草柳3-14-2,,,回収地区7,A資源-毎月1・3回目火<br>B資源-毎月2・4回目火<br>容器包装プラ-毎週金,A資源、B資源、容器包装プラ,,114-B-9,139.4563463,35.45654278
中央六丁目  10,総合,大和市草柳3-19-5,,,回収地区7,A資源-毎月1・3回目火<br>B資源-毎月2・4回目火<br>容器包装プラ-毎週金,A資源、B資源、容器包装プラ,,114-D-3,139.4571668,35.45913851
中央六丁目  1,総合,大和市中央6-2-24  大和市消防団第9分団横,,,回収地区7,A資源-毎月1・3回目火<BR>B資源-毎月2・4回目火<BR>容器包装プラ-毎週金,A資源、B資源、容器包装プラ,,102-F-10,139.4585687,35.46508761
中福田  2,総合,大和市渋谷4-11-1,,,回収地区9,A資源-毎月1・3回目金<BR>B資源-毎月2・4回目金<BR>容器包装プラ-毎週土,A資源、B資源、容器包装プラ,,151-A・B-9,139.4605578,35.43380189
中福田  1,総合,大和市福田1828  渋谷2号公園,,,回収地区9,A資源-毎月1・3回目金<BR>B資源-毎月2・4回目金<BR>容器包装プラ-毎週土,A資源、B資源、容器包装プラ,,159-B-2,139.4605417,35.43257996
中福田  3,総合,大和市福田3727-1  カルム福田,,,回収地区9,A資源-毎月1・3回目金<BR>B資源-毎月2・4回目金<BR>容器包装プラ-毎週土,A資源、B資源、容器包装プラ,,150-D-4,139.4574179,35.43611911
中福田  5,総合,大和市福田4009,,,回収地区9,A資源-毎月1・3回目金<br>B資源-毎月2・4回目金<br>容器包装プラ-毎週土,A資源、B資源、容器包装プラ,,150-A-4,139.4557982,35.43602617
中福田  9,総合,大和市福田6076  渋谷保育園前,,,回収地区9,A資源-毎月1・3回目金<BR>B資源-毎月2・4回目金<BR>容器包装プラ-毎週土,A資源、B資源、容器包装プラ,,150-A-9,139.4562875,35.43382796
中福田  4,総合,大和市福田728  ひだまり公園農業用取水施設前,,,回収地区9,A資源-毎月1・3回目金<BR>B資源-毎月2・4回目金<BR>容器包装プラ-毎週土,A資源、B資源、容器包装プラ,,150-D-10,139.457477,35.43354869
中福田  7,総合,大和市福田4084,,,回収地区9,A資源-毎月1・3回目金<BR>B資源-毎月2・4回目金<BR>容器包装プラ-毎週土,A資源、B資源、容器包装プラ,,149-E-5,139.4533942,35.4355124
中福田  11,総合,大和市福田4013  国有地78,,,回収地区9,A資源-毎月1・3回目金<BR>B資源-毎月2・4回目金<BR>容器包装プラ-毎週土,A資源、B資源、容器包装プラ,,149-G-5,139.4551301,35.43568701
中福田  6,総合,大和市福田3972  南庭1号公園,,,回収地区9,A資源-毎月1・3回目金<BR>B資源-毎月2・4回目金<BR>容器包装プラ-毎週土,A資源、B資源、容器包装プラ,,149-G-2,139.4551033,35.43685221
中福田  8,総合,大和市福田350,,,回収地区9,A資源-毎月1・3回目金<br>B資源-毎月2・4回目金<br>容器包装プラ-毎週土,A資源、B資源、容器包装プラ,,149-D-9,139.4534504,35.43368097
長堀  1,総合,大和市下鶴間2-2  長堀2号公園東側,,,回収地区6,A資源-毎月2・4回目水<BR>B資源-毎月1・3回目水<BR>容器包装プラ-毎週木,A資源、B資源、容器包装プラ,,059-B-3,139.4608127,35.4908442
長堀  2,総合,大和市下鶴間2776  長堀公園,,,回収地区6,A資源-毎月2・4回目水<BR>B資源-毎月1・3回目水<BR>容器包装プラ-毎週木,A資源、B資源、容器包装プラ,,049-A-9,139.4603786,35.49269454
長堀  3,総合,大和市下鶴間2-9-18  フローラ,,,回収地区6,A資源-毎月2・4回目水<br>B資源-毎月1・3回目水<br>容器包装プラ-毎週木,A資源、B資源、容器包装プラ,,049-D-10,139.4618089,35.49206573
島津  2,総合,大和市深見東3-3-13  イ-スト・パレス前 公園,,,回収地区6,A資源-毎月2・4回目水<BR>B資源-毎月1・3回目水<BR>容器包装プラ-毎週木,A資源、B資源、容器包装プラ,,068-D-8,139.4664013,35.48366987
島津  6,総合,大和市深見東2-1-7  パチンコ店,,,回収地区6,A資源-毎月2・4回目水<br>B資源-毎月1・3回目水<br>容器包装プラ-毎週木,A資源、B資源、容器包装プラ,,078-C-6,139.4654661,35.48018877
島津  1,総合,大和市深見894  島津自治会館前,,,回収地区6,A資源-毎月2・4回目水<BR>B資源-毎月1・3回目水<BR>容器包装プラ-毎週木,A資源、B資源、容器包装プラ,,078-G-2,139.4681694,35.48215997
島津  3,総合,大和市深見東1-4-15  エクセレンススクエア前,,,回収地区6,A資源-毎月2・4回目水<BR>B資源-毎月1・3回目水<BR>容器包装プラ-毎週木,A資源、B資源、容器包装プラ,,078-F-10,139.4671355,35.47843305
島津  5,総合,大和市深見西4-6  庚申塚公園,,,回収地区6,A資源-毎月2・4回目水<br>B資源-毎月1・3回目水<br>容器包装プラ-毎週木,A資源、B資源、容器包装プラ,,077-E-1,139.4623765,35.48223855
鶴西  4,総合,大和市西鶴間6-5-15,,,回収地区3,A資源-毎月1・3回目月<BR>B資源-毎月2・4回目月<BR>容器包装プラ-毎週水,A資源、B資源、容器包装プラ,,055-C-10,139.4437103,35.48747035
鶴西  2,総合,大和市西鶴間6-5,,,回収地区3,A資源-毎月1・3回目月<BR>B資源-毎月2・4回目月<BR>容器包装プラ-毎週水,A資源、B資源、容器包装プラ,,055-B-10,139.4430406,35.48733941
鶴西  3,総合,大和市西鶴間2-25  西鶴間4号公園,,,回収地区3,A資源-毎月1・3回目月<BR>B資源-毎月2・4回目月<BR>容器包装プラ-毎週水,A資源、B資源、容器包装プラ,,055-E-7,139.4443908,35.48854828
鶴西  1,総合,大和市西鶴間6-3  美容室ナオ隣 駐車場,,,回収地区3,A資源-毎月1・3回目月<BR>B資源-毎月2・4回目月<BR>容器包装プラ-毎週水,A資源、B資源、容器包装プラ,,063-C-2,139.4435474,35.48657243
鶴西  5,総合,大和市西鶴間6-22-49  歩道橋,,,回収地区3,A資源-毎月1・3回目月<br>B資源-毎月2・4回目月<br>容器包装プラ-毎週水,A資源、B資源、容器包装プラ,,063-D-4,139.4441539,35.4854976
鶴西  7,総合,大和市西鶴間6-22-47  長瀬工務店向かい,,,回収地区3,A資源-毎月1・3回目月<BR>B資源-毎月2・4回目月<BR>容器包装プラ-毎週水,A資源、B資源、容器包装プラ,,063-C-3,139.4433514,35.48577273
鶴西  6,総合,大和市西鶴間6-21-7,,,回収地区3,A資源-毎月1・3回目月<br>B資源-毎月2・4回目月<br>容器包装プラ-毎週水,A資源、B資源、容器包装プラ,,063-A-3,139.4424563,35.4859821
鶴間二丁目  1,総合,大和市鶴間2-15  ふるみち公園,,,回収地区6,A資源-毎月2・4回目水<br>B資源-毎月1・3回目水<br>容器包装プラ-毎週木,A資源、B資源、容器包装プラ,,047-C-6,139.4526665,35.4938045
鶴間二丁目  2,総合,大和市鶴間2-7  鶴間ちびっこ広場,,,回収地区6,A資源-毎月2・4回目水<BR>B資源-毎月1・3回目水<BR>容器包装プラ-毎週木,A資源、B資源、容器包装プラ,,047-B-9,139.4518435,35.49266376
鶴間二丁目  4,総合,大和市鶴間2-3  鉄板焼かもん,,,回収地区6,A資源-毎月2・4回目水<br>B資源-毎月1・3回目水<br>容器包装プラ-毎週木,A資源、B資源、容器包装プラ,,046-G-10,139.4501446,35.49172706
鶴間二丁目  5,総合,大和市鶴間2-12-35  コミセン鶴間会館,,,回収地区6,A資源-毎月2・4回目水<br>B資源-毎月1・3回目水<br>容器包装プラ-毎週木,A資源、B資源、容器包装プラ,,057-G-3,139.4547727,35.49099967
鶴間二丁目  3,総合,大和市鶴間2-10  鶴間二丁目児童遊園,,,回収地区6,A資源-毎月2・4回目水<BR>B資源-毎月1・3回目水<BR>容器包装プラ-毎週木,A資源、B資源、容器包装プラ,,057-C-2,139.4525775,35.4911931
鶴間台  6,総合,大和市鶴間1-8-13  つるま湯,,,回収地区6,A資源-毎月2・4回目水<br>B資源-毎月1・3回目水<br>容器包装プラ-毎週木,A資源、B資源、容器包装プラ,,057-C-8,139.4523427,35.48819772
鶴間台  3,総合,大和市鶴間1-6-7,,,回収地区6,A資源-毎月2・4回目水<br>B資源-毎月1・3回目水<br>容器包装プラ-毎週木,A資源、B資源、容器包装プラ,,057-E-7,139.4534962,35.48880748
鶴間台  2,総合,大和市鶴間1-25-15　市役所分庁舎北側,,,回収地区6,A資源-毎月2・4回目水<BR>B資源-毎月1・3回目水<BR>容器包装プラ-毎週木,A資源、B資源、容器包装プラ,,057-F-8,139.4544529,35.48831726
鶴間台  4,総合,大和市鶴間1-24-24  鶴間ハウス,,,回収地区6,A資源-毎月2・4回目水<BR>B資源-毎月1・3回目水<BR>容器包装プラ-毎週木,A資源、B資源、容器包装プラ,,057-G-9,139.4546458,35.48784594
鶴間  1,総合,大和市鶴間1-1-14,,,回収地区6,A資源-毎月2・4回目水<br>B資源-毎月1・3回目水<br>容器包装プラ-毎週木,A資源、B資源、容器包装プラ,,057-A-6・7,139.4516101,35.4890498
鶴間  4,総合,大和市鶴間1-28-5  大和市地域医療センター,,,回収地区6,A資源-毎月2・4回目水<BR>B資源-毎月1・3回目水<BR>容器包装プラ-毎週木,A資源、B資源、容器包装プラ,,058-A-4,139.4555512,35.48994507
鶴間  3,総合,大和市鶴間1-31-21  ドラゴンマンション鶴間壱番館,,,回収地区6,A資源-毎月2・4回目水<BR>B資源-毎月1・3回目水<BR>容器包装プラ-毎週木,A資源、B資源、容器包装プラ,,057-G-5,139.4548172,35.48997996
鶴間  2,総合,大和市鶴間1-4-14  ハイムさんき,,,回収地区6,A資源-毎月2・4回目水<BR>B資源-毎月1・3回目水<BR>容器包装プラ-毎週木,A資源、B資源、容器包装プラ,,057-E-5,139.4535795,35.48950861
鶴間住宅  1,総合,大和市上草柳8-24-30  鶴間住宅自治会館,,,回収地区5,A資源-毎月1・3回目水<BR>B資源-毎月2・4回目水<BR>容器包装プラ-毎週木,A資源、B資源、容器包装プラ,,064-C-10,139.4477879,35.48285331
鶴間台  5,総合,大和市鶴間1-20-24  サントルセーヌ大和,,,回収地区6,A資源-毎月2・4回目水<BR>B資源-毎月1・3回目水<BR>容器包装プラ-毎週木,A資源、B資源、容器包装プラ,,065-H-1,139.4550852,35.48686405
鶴間台  9,総合,大和市鶴間1-18-6  市営鶴間住宅,,,回収地区6,A資源-毎月2・4回目水<BR>B資源-毎月1・3回目水<BR>容器包装プラ-毎週木,A資源、B資源、容器包装プラ,,065-F-2,139.454078,35.48623996
鶴間台  8,総合,大和市鶴間1-13-23 大和市消防団機械器具置場,,,回収地区6,A資源-毎月2・4回目水<BR>B資源-毎月1・3回目水<BR>容器包装プラ-毎週木,A資源、B資源、容器包装プラ,,057-F-10,139.4537913,35.48723714
鶴間台  7,総合,大和市鶴間1-10-6,,,回収地区6,A資源-毎月2・4回目水<BR>B資源-毎月1・3回目水<BR>容器包装プラ-毎週木,A資源、B資源、容器包装プラ,,057-E-9,139.4534296,35.48779354
鶴間台  1,総合,大和市鶴間1-21  放置自転車保管所,,,回収地区6,A資源-毎月2・4回目水<BR>B資源-毎月1・3回目水<BR>容器包装プラ-毎週木,A資源、B資源、容器包装プラ,,058-B-10,139.4562532,35.4874314
鶴間新町  1,総合,大和市南林間3-10  聖セシリア小学校プール裏,,,回収地区1,A資源-毎月1・3回目木<br>B資源-毎月2・4回目木<br>容器包装プラ-毎週火,A資源、B資源、容器包装プラ,,37-B-2,139.4430219,35.49994625
鶴間新町  2,総合,大和市中央林間西1-14,,,回収地区1,A資源-毎月1・3回目木<br>B資源-毎月2・4回目木<br>容器包装プラ-毎週火,A資源、B資源、容器包装プラ,,036-G-1,139.4411313,35.50041415
鶴間新町  5,総合,大和市中央林間西3-6-27  山栄工業（株）,,,回収地区1,A資源-毎月1・3回目木<BR>B資源-毎月2・4回目木<BR>容器包装プラ-毎週火,A資源、B資源、容器包装プラ,,035-C-1,139.4345254,35.50044047
鶴間新町  4,総合,大和市中央林間西3-1  畑の前,,,回収地区1,A資源-毎月1・3回目木<br>B資源-毎月2・4回目木<br>容器包装プラ-毎週火,A資源、B資源、容器包装プラ,,035-F-4,139.4363045,35.49908157
鶴間新町  15,総合,大和市中央林間西1-16,,,回収地区1,A資源-毎月1・3回目木<br>B資源-毎月2・4回目木<br>容器包装プラ-毎週火,A資源、B資源、容器包装プラ,,036-E-1,139.4400211,35.50050401
鶴間新町  6,総合,大和市中央林間西5-1-19  鶴間新町自治会館,,,回収地区1,A資源-毎月1・3回目木<br>B資源-毎月2・4回目木<br>容器包装プラ-毎週火,A資源、B資源、容器包装プラ,,028-B-9,139.4388462,35.50125169
鶴間新町  7,総合,大和市中央林間西4-11  樹林畑,,,回収地区1,A資源-毎月1・3回目木<br>B資源-毎月2・4回目木<br>容器包装プラ-毎週火,A資源、B資源、容器包装プラ,,028-A-4,139.4381382,35.50362511
鶴間新町  9,総合,大和市中央林間西6-9  ユニプレス（株）駐車場,,,回収地区1,A資源-毎月1・3回目木<BR>B資源-毎月2・4回目木<BR>容器包装プラ-毎週火,A資源、B資源、容器包装プラ,,025-G-3,139.4326402,35.5040272
中福田  10,総合,大和市福田4076  畑,,,回収地区9,A資源-毎月1・3回目金<BR>B資源-毎月2・4回目金<BR>容器包装プラ-毎週土,A資源、B資源、容器包装プラ,,149-D-3,139.4531155,35.4366034
鶴間新町  8,総合,大和市中央林間西6-8-26  ユニプレス物流（株）,,,回収地区1,A資源-毎月1・3回目木<br>B資源-毎月2・4回目木<br>容器包装プラ-毎週火,A資源、B資源、容器包装プラ,,027-C-4,139.4345643,35.50364271
柳橋  8,総合,大和市柳橋5-6-11  日本トラック福田出張所付近,,,回収地区7,A資源-毎月1・3回目火<BR>B資源-毎月2・4回目火<BR>容器包装プラ-毎週金,A資源、B資源、容器包装プラ,,120-B-3,139.4566564,35.45453968
柳橋一丁目  6,総合,大和市柳橋1-10-5  大和柳橋ローヤルコーポ,,,回収地区8,A資源-毎月2・4回目火<BR>B資源-毎月1・3回目火<BR>容器包装プラ-毎週金,A資源、B資源、容器包装プラ,,116-B-1,139.4654056,35.4600866
柳橋一丁目  2,総合,大和市柳橋1-11  柳橋2号公園,,,回収地区8,A資源-毎月2・4回目火<BR>B資源-毎月1・3回目火<BR>容器包装プラ-毎週金,A資源、B資源、容器包装プラ,,116-C-2,139.465561,35.45963711
柳橋一丁目  3,総合,大和市柳橋1-18  柳橋3号公園,,,回収地区8,A資源-毎月2・4回目火<br>B資源-毎月1・3回目火<br>容器包装プラ-毎週金,A資源、B資源、容器包装プラ,,115-G-1,139.4633118,35.46022845
柳橋一丁目  7,総合,大和市柳橋1-7-6  さくら作業所前,,,回収地区8,A資源-毎月2・4回目火<br>B資源-毎月1・3回目火<br>容器包装プラ-毎週金,A資源、B資源、容器包装プラ,,110-B-9,139.4653914,35.46107861
柳橋一丁目  4,総合,大和市柳橋1-8  アート引越センター駐車場前,,,回収地区8,A資源-毎月2・4回目火<BR>B資源-毎月1・3回目火<BR>容器包装プラ-毎週金,A資源、B資源、容器包装プラ,,110-B-10,139.465127,35.46056227
柳橋一丁目  5,総合,大和市柳橋1-4-4  ザ・ウィング,,,回収地区8,A資源-毎月2・4回目火<BR>B資源-毎月1・3回目火<BR>容器包装プラ-毎週金,A資源、B資源、容器包装プラ,,109-G-8,139.4634928,35.4611601
柳橋一丁目  8,総合,大和市柳橋1-1  竹中重機(株)東側,,,回収地区8,A資源-毎月2・4回目火<br>B資源-毎月1・3回目火<br>容器包装プラ-毎週金,A資源、B資源、容器包装プラ,,110-A-5,139.4648168,35.46246344
要石  1,総合,大和市深見3204  緑の広場33号,,,回収地区8,A資源-毎月2・4回目火<br>B資源-毎月1・3回目火<br>容器包装プラ-毎週金,A資源、B資源、容器包装プラ,,105-H-2,139.4726493,35.46856026
要石  2,総合,大和市深見3207  かしま2号公園,,,回収地区8,A資源-毎月2・4回目火<BR>B資源-毎月1・3回目火<BR>容器包装プラ-毎週金,A資源、B資源、容器包装プラ,,105-H-4,139.4728635,35.46750566
要石  3,総合,大和市深見3339付近,,,回収地区8,A資源-毎月2・4回目火;br;B資源-毎月1・3回目火;br;容器包装プラ-毎週金,A資源、B資源、容器包装プラ,,106-A-8,139.4731556,35.4657666
緑ヶ丘  6,総合,大和市福田7-4-17  駐車場,,,回収地区9,A資源-毎月1・3回目金<BR>B資源-毎月2・4回目金<BR>容器包装プラ-毎週土,A資源、B資源、容器包装プラ,,129-C-3,139.4610822,35.45000557
緑ヶ丘  5,総合,大和市福田8-14-12  富士見ハイツ付近,,,回収地区9,A資源-毎月1・3回目金<br>B資源-毎月2・4回目金<br>容器包装プラ-毎週土,A資源、B資源、容器包装プラ,,129-A-1,139.4600699,35.4509503
緑ヶ丘  2,総合,大和市福田8-22　福田憩の家北側,,,回収地区9,A資源-毎月1・3回目金<BR>B資源-毎月2・4回目金<BR>容器包装プラ-毎週土,A資源、B資源、容器包装プラ,,121-A-5,139.4604177,35.45312583
緑ヶ丘  1,総合,大和市福田8-9-1  第1表ハイツ前 畑,,,回収地区9,A資源-毎月1・3回目金<BR>B資源-毎月2・4回目金<BR>容器包装プラ-毎週土,A資源、B資源、容器包装プラ,,121-C-9,139.4614465,35.4515199
緑ヶ丘  3,総合,大和市福田8-22-7,,,回収地区9,A資源-毎月1・3回目金<BR>B資源-毎月2・4回目金<BR>容器包装プラ-毎週土,A資源、B資源、容器包装プラ,,120-G-4,139.4590889,35.45381095
緑ヶ丘  4,総合,大和市福田8-26-29  エルメス桜ヶ丘南側空地,,,回収地区9,A資源-毎月1・3回目金<BR>B資源-毎月2・4回目金<BR>容器包装プラ-毎週土,A資源、B資源、容器包装プラ,,120-F-8,139.4587621,35.45237081
鶴間新町  18,総合,大和市中央林間西5-16-12,,,回収地区1,A資源-毎月1・3回目木<BR>B資源-毎月2・4回目木<BR>容器包装プラ-毎週火,A資源、B資源、容器包装プラ,,027-C-5,139.4349924,35.50304536
鶴間新町  19,総合,大和市中央林間西5-11-22  帰属ごみ停留所,,,回収地区1,A資源-毎月1・3回目木<br>B資源-毎月2・4回目木<br>容器包装プラ-毎週火,A資源、B資源、容器包装プラ,,027-H-4,139.4375294,35.50338492
下福田南部第四  5,総合,大和市福田1319  下福田南なかよし公園入口,,,回収地区9,A資源-毎月1・3回目金<BR>B資源-毎月2・4回目金<BR>容器包装プラ-毎週土,A資源、B資源、容器包装プラ,,164-B-7,139.4564548,35.42556626
一之関  3,総合,大和市深見498-5  コミセン深見北会館,,,回収地区6,A資源-毎月2・4回目水<BR>B資源-毎月1・3回目水<BR>容器包装プラ-毎週木,A資源、B資源、容器包装プラ,,068-C-3,139.4652867,35.4860177
一之関  7,総合,大和市深見西3-9,,,回収地区6,A資源-毎月2・4回目水<br>B資源-毎月1・3回目水<br>容器包装プラ-毎週木,A資源、B資源、容器包装プラ,,066-A-4,139.4558819,35.48547882
一之関  5,総合,大和市深見西6-3-22  ダイヤパレス大和,,,回収地区6,A資源-毎月2・4回目水<BR>B資源-毎月1・3回目水<BR>容器包装プラ-毎週木,A資源、B資源、容器包装プラ,,067-D-6,139.4621524,35.48508371
一之関  8,総合,大和市深見西7-5-1  大和中学校西側,,,回収地区6,A資源-毎月2・4回目水<BR>B資源-毎月1・3回目水<BR>容器包装プラ-毎週木,A資源、B資源、容器包装プラ,,065-F-6,139.4538269,35.48494528
一之関  6,総合,大和市深見西8-4  なぎ原1号公園,,,回収地区6,A資源-毎月2・4回目水<BR>B資源-毎月1・3回目水<BR>容器包装プラ-毎週木,A資源、B資源、容器包装プラ,,066-H-4,139.4597091,35.48572516
一之関  4,総合,大和市深見西8-9-8  さがみ農協,,,回収地区6,A資源-毎月2・4回目水<BR>B資源-毎月1・3回目水<BR>容器包装プラ-毎週木,A資源、B資源、容器包装プラ,,059-E-10,139.4623452,35.48770214
下福田南しらさぎ会  2,総合,大和市福田1419-8,,,回収地区9,A資源-毎月1・3回目金<BR>B資源-毎月2・4回目金<BR>容器包装プラ-毎週土,A資源、B資源、容器包装プラ,R8.3 下福田南部第一自治会解散<BR>R8.4 新組織設立,167-B-3,139.4608368,35.423014
下福田南しらさぎ会  3,総合,大和市福田1405  リバーサイド鈴木前遊歩道,,,回収地区9,A資源-毎月1・3回目金<BR>B資源-毎月2・4回目金<BR>容器包装プラ-毎週土,A資源、B資源、容器包装プラ,R8.3 下福田南部第一自治会解散<BR>R8.4 新組織設立,165-A-9,139.4605367,35.4246025
下福田南しらさぎ会  1,総合,大和市福田1555-2  ファミーユヨシダ北側,,,回収地区9,A資源-毎月1・3回目金<BR>B資源-毎月2・4回目金<BR>容器包装プラ-毎週土,A資源、B資源、容器包装プラ,R8.3 下福田南部第一自治会解散　<BR>R8.4 新組織設立,165-E-9,139.4625325,35.4245611
下福田南部第三  9,総合,大和市福田1632-9,,,回収地区9,A資源-毎月1・3回目金<BR>B資源-毎月2・4回目金<BR>容器包装プラ-毎週土,A資源、B資源、容器包装プラ,,165-C-5,139.4617207,35.42651398
下福田南部第三  7,総合,大和市福田961-23,,,回収地区9,A資源-毎月1・3回目金<BR>B資源-毎月2・4回目金<BR>容器包装プラ-毎週土,A資源、B資源、容器包装プラ,,165-A-3,139.4605634,35.4275875
下福田南部第三  3,総合,大和市福田1630-5  パーソナルハイツ渋谷向い駐車場,,,回収地区9,A資源-毎月1・3回目金<BR>B資源-毎月2・4回目金<BR>容器包装プラ-毎週土,A資源、B資源、容器包装プラ,R8.4.1廃止,165-D-4,139.4617528,35.42683256
下福田南部第三  4,総合,大和市福田1642-2,,,回収地区9,A資源-毎月1・3回目金<br>B資源-毎月2・4回目金<br>容器包装プラ-毎週土,A資源、B資源、容器包装プラ,,165-G-2,139.4639398,35.42799248
下福田南部第三  2,総合,大和市福田1642-4,,,回収地区9,A資源-毎月1・3回目金<BR>B資源-毎月2・4回目金<BR>容器包装プラ-毎週土,A資源、B資源、容器包装プラ,,165-E-3,139.4627924,35.42735023
下福田南部第三  8,総合,大和市福田1642-81  福南荘前,,,回収地区9,A資源-毎月1・3回目金<BR>B資源-毎月2・4回目金<BR>容器包装プラ-毎週土,A資源、B資源、容器包装プラ,,165-D-3,139.4620528,35.42770974
下福田南部第三  5,総合,大和市福田1721-14,,,回収地区9,A資源-毎月1・3回目金<BR>B資源-毎月2・4回目金<BR>容器包装プラ-毎週土,A資源、B資源、容器包装プラ,,165-D-2,139.461651,35.4282465
下福田南部第三  6,総合,大和市福田1723-1,,,回収地区9,A資源-毎月1・3回目金<br>B資源-毎月2・4回目金<br>容器包装プラ-毎週土,A資源、B資源、容器包装プラ,,165-B-2,139.4608557,35.42793081
下福田南部第四  1,総合,大和市福田1450,,,回収地区9,A資源-毎月1・3回目金<BR>B資源-毎月2・4回目金<BR>容器包装プラ-毎週土,A資源、B資源、容器包装プラ,,164-G-8,139.459507,35.42507909
下福田南部第四  4,総合,大和市福田1256-8  新幹線下,,,回収地区9,A資源-毎月1・3回目金<BR>B資源-毎月2・4回目金<BR>容器包装プラ-毎週土,A資源、B資源、容器包装プラ,,164-C-1,139.4568631,35.42834656
下福田南部第四  2,総合,大和市福田1227 運慶寺東側駐車場,,,回収地区9,A資源-毎月1・3回目金<BR>B資源-毎月2・4回目金<BR>容器包装プラ-毎週土,A資源、B資源、容器包装プラ,,164-E-5,139.4580559,35.42686301
下福田南部第二  2,総合,大和市福田1553,,,回収地区9,A資源-毎月1・3回目金<BR>B資源-毎月2・4回目金<BR>容器包装プラ-毎週土,A資源、B資源、容器包装プラ,,165-F-9,139.4632103,35.42441492
下福田南部第二  1,総合,大和市福田1587-51,,,回収地区9,A資源-毎月1・3回目金<BR>B資源-毎月2・4回目金<BR>容器包装プラ-毎週土,A資源、B資源、容器包装プラ,,165-G-9,139.4634192,35.42508262
下福田北部  4,総合,大和市福田7009-1　福寿橋西側,,,回収地区9,A資源-毎月1・3回目金<BR>B資源-毎月2・4回目金<BR>容器包装プラ-毎週土,A資源、B資源、容器包装プラ,,158-D-7,139.4573431,35.43026694
下福田北部  14,総合,大和市福田1751,,,回収地区9,A資源-毎月1・3回目金<br>B資源-毎月2・4回目金<br>容器包装プラ-毎週土,A資源、B資源、容器包装プラ,,159-C-8,139.4614011,35.42971692
下福田北部  10,総合,大和市福田1824,,,回収地区9,A資源-毎月1・3回目金<BR>B資源-毎月2・4回目金<BR>容器包装プラ-毎週土,A資源、B資源、容器包装プラ,,158-H-3,139.4598827,35.43207808
下福田北部  21,総合,大和市福田646,,,回収地区9,A資源-毎月1・3回目金<BR>B資源-毎月2・4回目金<BR>容器包装プラ-毎週土,A資源、B資源、容器包装プラ,,158-F-2,139.4587093,35.43236607
下福田北部  20,総合,大和市福田743-2,,,回収地区9,A資源-毎月1・3回目金<BR>B資源-毎月2・4回目金<BR>容器包装プラ-毎週土,A資源、B資源、容器包装プラ,,158-G-7,139.4589451,35.43040248
下福田北部  1,総合,大和市福田1255-1  アモーレ大和前駐車場,,,回収地区9,A資源-毎月1・3回目金<br>B資源-毎月2・4回目金<br>容器包装プラ-毎週土,A資源、B資源、容器包装プラ,,164-A-1,139.4556619,35.42813935
下福田北部  19,総合,大和市福田138-1 緑の広場32号東南角,,,回収地区9,A資源-毎月1・3回目金<BR>B資源-毎月2・4回目金<BR>容器包装プラ-毎週土,A資源、B資源、容器包装プラ,,157-G-10,139.4548483,35.42873856
下福田北部  9,総合,大和市福田1733,,,回収地区9,A資源-毎月1・3回目金<BR>B資源-毎月2・4回目金<BR>容器包装プラ-毎週土,A資源、B資源、容器包装プラ,,158-H-10,139.4596525,35.42885305
下福田北部  13,総合,大和市福田1806,,,回収地区9,A資源-毎月1・3回目金<BR>B資源-毎月2・4回目金<BR>容器包装プラ-毎週土,A資源、B資源、容器包装プラ,,159-E-8,139.4627279,35.42980449
下福田北部  22,総合,大和市福田1947  駐車場,,,回収地区9,A資源-毎月1・3回目金<BR>B資源-毎月2・4回目金<BR>容器包装プラ-毎週土,A資源、B資源、容器包装プラ,,159-G-8,139.4637298,35.42970414
下福田北部  16,総合,大和市福田389-4,,,回収地区9,A資源-毎月1・3回目金<BR>B資源-毎月2・4回目金<BR>容器包装プラ-毎週土,A資源、B資源、容器包装プラ,,157-G-2,139.4550874,35.43257981
下福田北部  17,総合,大和市福田415-3  フラワーハイツ,,,回収地区9,A資源-毎月1・3回目金<BR>B資源-毎月2・4回目金<BR>容器包装プラ-毎週土,A資源、B資源、容器包装プラ,,157-H-3,139.4555482,35.43206051
下福田北部  2,総合,大和市福田441-7,,,回収地区9,A資源-毎月1・3回目金<br>B資源-毎月2・4回目金<br>容器包装プラ-毎週土,A資源、B資源、容器包装プラ,,158-B-7,139.4565328,35.43001016
下福田北部  18,総合,大和市福田449-2,,,回収地区9,A資源-毎月1・3回目金<BR>B資源-毎月2・4回目金<BR>容器包装プラ-毎週土,A資源、B資源、容器包装プラ,,157-H-5,139.4553607,35.43111787
下福田北部  11,総合（A・B資源のみ）,大和市渋谷8-21,,,回収地区9,A資源-毎月1・3回目金<BR>B資源-毎月2・4回目金,A資源、B資源,,159-B-6,139.4609919,35.43066416
下福田北部  15,総合,大和市福田519,,,回収地区9,A資源-毎月1・3回目金<BR>B資源-毎月2・4回目金<BR>容器包装プラ-毎週土,A資源、B資源、容器包装プラ,,150-A-10,139.4559017,35.43346137
下福田北部  5,総合,大和市福田570  下福田小学校南側道路,,,回収地区9,A資源-毎月1・3回目金<br>B資源-毎月2・4回目金<br>容器包装プラ-毎週土,A資源、B資源、容器包装プラ,,158-C-5,139.4570407,35.43112985
下福田北部  7,総合,大和市福田570  下福田小学校プール道沿,,,回収地区9,A資源-毎月1・3回目金<br>B資源-毎月2・4回目金<br>容器包装プラ-毎週土,A資源、B資源、容器包装プラ,,158-D-3,139.4578596,35.43200877
下福田北部  8,総合,大和市福田640  松川荘前,,,回収地区9,A資源-毎月1・3回目金<BR>B資源-毎月2・4回目金<BR>容器包装プラ-毎週土,A資源、B資源、容器包装プラ,,158-G-5,139.4591005,35.43114852
下和田  6,総合,大和市下和田733  栗原建設倉庫横,,,回収地区10,A資源-毎月2・4回目金<BR>B資源-毎月1・3回目金<BR>容器包装プラ-毎週土,A資源、B資源、容器包装プラ,,166-H-9,139.4684182,35.42462017
下和田  4,総合,大和市下和田846  （株）スズキ自販湘南駐車場,,,回収地区10,A資源-毎月2・4回目金<BR>B資源-毎月1・3回目金<BR>容器包装プラ-毎週土,A資源、B資源、容器包装プラ,,166-G-4,139.4679787,35.42696364
下和田  1,総合,大和市下和田1104,,,回収地区10,A資源-毎月2・4回目金<BR>B資源-毎月1・3回目金<BR>容器包装プラ-毎週土,A資源、B資源、容器包装プラ,,161-E-5,139.471271,35.43128194
下和田  3,総合,大和市下和田780  芝地,,,回収地区10,A資源-毎月2・4回目金<BR>B資源-毎月1・3回目金<BR>容器包装プラ-毎週土,A資源、B資源、容器包装プラ,,169-C-10,139.4702399,35.42462022
下和田  2,総合,大和市下和田874  掲示板近く,,,回収地区10,A資源-毎月2・4回目金<BR>B資源-毎月1・3回目金<BR>容器包装プラ-毎週土,A資源、B資源、容器包装プラ,,169-B-2,139.4695415,35.42804293
菊和親和  1,総合,大和市深見台2-3  菊園児童遊園西側,,,回収地区8,A資源-毎月2・4回目火<br>B資源-毎月1・3回目火<br>容器包装プラ-毎週金,A資源、B資源、容器包装プラ,,104-G-2,139.4686623,35.46836528
南庭  8,総合,大和市代官4-8  代官4丁目公園西側,,,回収地区9,A資源-毎月1・3回目金<BR>B資源-毎月2・4回目金<BR>容器包装プラ-毎週土,A資源、B資源、容器包装プラ,,150-B-1,139.4562284,35.4374632
上草柳東  5,総合,大和市上草柳1-7-25  ブロード大和,,,回収地区7,A資源-毎月1・3回目火<BR>B資源-毎月2・4回目火<BR>容器包装プラ-毎週金,A資源、B資源、容器包装プラ,,084-A-4,139.455884,35.47662604
南林間西南  11,総合,大和市西鶴間2-18-3  西鶴間5号公園,,,回収地区3,A資源-毎月1・3回目月<br>B資源-毎月2・4回目月<br>容器包装プラ-毎週水,A資源、B資源、容器包装プラ,,055-E-6,139.4447105,35.48910621
桜川  2,総合,大和市福田7-30  駐車場,,,回収地区9,A資源-毎月1・3回目金<BR>B資源-毎月2・4回目金<BR>容器包装プラ-毎週土,A資源、B資源、容器包装プラ,,128-E-2,139.4586014,35.45103978
上草柳東  3,総合,大和市上草柳4-4-20,,,回収地区7,A資源-毎月1・3回目火<br>B資源-毎月2・4回目火<br>容器包装プラ-毎週金,A資源、B資源、容器包装プラ,,083-G-1,139.4546748,35.47775715
中央七丁目  7,総合,大和市中央7-15  中央7丁目市民の森南西側,,,回収地区8,A資源-毎月2・4回目火<BR>B資源-毎月1・3回目火<BR>容器包装プラ-毎週金,A資源、B資源、容器包装プラ,,109-C-7,139.4617247,35.46181903
東原南  6,総合,大和市上草柳3-16  上草柳三丁目公園,,,回収地区7,A資源-毎月1・3回目火<BR>B資源-毎月2・4回目火<BR>容器包装プラ-毎週金,A資源、B資源、容器包装プラ,,083-E-3,139.453655,35.47735041
三ツ和  14,総合,大和市深見東1-2-33  ホームセンターくろがねや大和深見店裏,,,回収地区8,A資源-毎月2・4回目火<br>B資源-毎月1・3回目火<br>容器包装プラ-毎週金,A資源、B資源、容器包装プラ,,086-E-4,139.4669017,35.47660811
三ツ和  15,総合,大和市大和東3-11-9 道路上,,,回収地区8,A資源-毎月2・4回目火;br;B資源-毎月1・3回目火;br;容器包装プラ-毎週金,A資源、B資源、容器包装プラ,,086-A-10,139.464588,35.47400131
鶴間新町  23,総合,大和市中央林間西5-25  若葉公園横,,,回収地区1,A資源-毎月1・3回目木<br>B資源-毎月2・4回目木<br>容器包装プラ-毎週火,A資源、B資源、容器包装プラ,,027-D-2,139.4353894,35.50457343
南林間東南  17,総合（B）,大和市林間1-19-18,,,回収地区4,B資源-毎月1・3回目月,B資源のみ,A資源・容器包装プラの回収はありません,039-C-7,139.4521701,35.49769551
つきみ野  50,総合,大和市つきみ野2-5  アリーナつきみ野第2駐車場西側,,,回収地区2,A資源-毎月2・4回目木<br>B資源-毎月1・3回目木<br>容器包装プラ-毎週火,A資源、B資源、容器包装プラ,,033-D-2,139.4615389,35.50463592
山王原上  8,総合,大和市下鶴間3000  緑の広場17号北側,,,回収地区4,A資源-毎月2・4回目月<BR>B資源-毎月1・3回目月<BR>容器包装プラ-毎週水,A資源、B資源、容器包装プラ,,039-F-4,139.4537399,35.49924042
富士見  5,総合,大和市上草柳2-8-8  神島木材裏,,,回収地区7,A資源-毎月1・3回目火<BR>B資源-毎月2・4回目火<BR>容器包装プラ-毎週金,A資源、B資源、容器包装プラ,,091-D-4,139.452739,35.47184298
下福田南部第二  5,総合,大和市福田1595,,,回収地区9,A資源-毎月1・3回目金<br>B資源-毎月2・4回目金<br>容器包装プラ-毎週土,A資源、B資源、容器包装プラ,,166-A-9,139.4649062,35.42479517
下福田南部第二  4,総合,大和市福田1579  タンポポ公園東側,,,回収地区9,A資源-毎月1・3回目金<br>B資源-毎月2・4回目金<br>容器包装プラ-毎週土,A資源、B資源、容器包装プラ,,165-G-7,139.463906,35.42574933
下福田南部第二  3,総合,大和市福田1579  タンポポ公園西側,,,回収地区9,A資源-毎月1・3回目金<BR>B資源-毎月2・4回目金<BR>容器包装プラ-毎週土,A資源、B資源、容器包装プラ,,165-G-7,139.4634299,35.42582451
大東  7,総合,大和市上草柳3-1-4  ウイング大和,,,回収地区7,A資源-毎月1・3回目火<br>B資源-毎月2・4回目火<br>容器包装プラ-毎週金,A資源、B資源、容器包装プラ,,083-F-7,139.4541264,35.47548169
大東  6,総合,大和市上草柳2-14　大東公園南側,,,回収地区7,A資源-毎月1・3回目火<BR>B資源-毎月2・4回目火<BR>容器包装プラ-毎週金,A資源、B資源、容器包装プラ,,083-E-10,139.4536927,35.47383737
公所  22,総合,大和市下鶴間5118,,,回収地区2,A資源-毎月2・4回目木<BR>B資源-毎月1・3回目木<BR>容器包装プラ-毎週火,A資源、B資源、容器包装プラ,,002-F-9,139.4586094,35.51945039
鶴間新町  24,総合,大和市中央林間西6-4-5,,,回収地区1,A資源-毎月1・3回目木<br>B資源-毎月2・4回目木<br>容器包装プラ-毎週火,A資源、B資源、容器包装プラ,,025-F-8,139.4324449,35.50168268
南林間東北  6,総合,大和市林間2-21-14,,,回収地区4,A資源-毎月2・4回目月;br;B資源-毎月1・3回目月;br;容器包装プラ-毎週水,A資源、B資源、容器包装プラ,,038-E-5,139.4500269,35.49878209
公所  19,総合,大和市下鶴間432,,,回収地区2,A資源-毎月2・4回目木<BR>B資源-毎月1・3回目木<BR>容器包装プラ-毎週火,A資源、B資源、容器包装プラ,,013-A・B-1,139.4603396,35.51378986
南林間西北  25,総合,大和市南林間7-15-15  公園入り口,,,回収地区3,A資源-毎月1・3回目月<br>B資源-毎月2・4回目月<br>容器包装プラ-毎週水,A資源、B資源、容器包装プラ,,043-H-8,139.4372109,35.4927811
つきみ野  181,総合,大和市つきみ野3-27-20  つきみ野第2パーキング北側,,,回収地区2,A資源-毎月2・4回目木<BR>B資源-毎月1・3回目木<BR>容器包装プラ-毎週火,A資源、B資源、容器包装プラ,,022-F-4,139.4585349,35.50817372
代官庭  8,総合,大和市代官2-6-1  サングレイス桜ヶ丘,,,回収地区9,A資源-毎月1・3回目金<br>B資源-毎月2・4回目金<br>容器包装プラ-毎週土,A資源、B資源、容器包装プラ,,142-F-3,139.4586455,35.44120086
公所  18,総合,大和市下鶴間5273,,,回収地区2,A資源-毎月2・4回目木<BR>B資源-毎月1・3回目木<BR>容器包装プラ-毎週火,A資源、B資源、容器包装プラ,,002-A-10,139.4552072,35.51900517
公所  23,総合,大和市下鶴間133-1  駐車場,,,回収地区2,A資源-毎月2・4回目木<br>B資源-毎月1・3回目木<br>容器包装プラ-毎週火,A資源、B資源、容器包装プラ,,006-H-2・3,139.4594628,35.51783388
相模大塚北  8,総合,大和市上草柳350-49  うららの国　桜森2号公園内,,,回収地区5,A資源-毎月1・3回目水<br>B資源-毎月2・4回目水<br>容器包装プラ-毎週木,A資源、B資源、容器包装プラ,,079-G-10,139.4372917,35.47362176
長堀  18,総合,大和市下鶴間2563,,,回収地区6,A資源-毎月2・4回目水<BR>B資源-毎月1・3回目水<BR>容器包装プラ-毎週木,A資源、B資源、容器包装プラ,,049-F-4,139.4628432,35.49454059
下福田南しらさぎ会  4,総合,大和市福田1579,,,回収地区9,A資源-毎月1・3回目金<BR>B資源-毎月2・4回目金<BR>容器包装プラ-毎週土,A資源、B資源、容器包装プラ,R8.3 下福田南部第一自治会解散<BR>R8.4 新組織設立,165-E-6,139.4630013,35.42591614
中央林間内山  29,総合,大和市中央林間6-13  （有）五十嵐電工の前,,,回収地区1,A資源-毎月1・3回目木<BR>B資源-毎月2・4回目木<BR>容器包装プラ-毎週火,A資源、B資源、容器包装プラ,,010-B-6,139.4475028,35.51193959
山谷  8,総合,大和市下鶴間5288-10　きらめき公園内,,,回収地区2,A資源-毎月2・4回目木<BR>B資源-毎月1・3回目木<BR>容器包装プラ-毎週火,A資源、B資源、容器包装プラ,,024-B・C-2・3,139.465318,35.50858412
下福田南部第三  10,総合,大和市福田1613-1,,,回収地区9,A資源-毎月1・3回目金<br>B資源-毎月2・4回目金<br>容器包装プラ-毎週土,A資源、B資源、容器包装プラ,,166-A-3,139.4646074,35.42754195
相模大塚北  9,総合,大和市桜森3-6-18  レジデンス山口,,,回収地区5,A資源-毎月1・3回目水<BR>B資源-毎月2・4回目水<BR>容器包装プラ-毎週木,A資源、B資源、容器包装プラ,,088-D-2,139.4399657,35.47275909
山王原  23,総合,大和市下鶴間2956,,,回収地区6,A資源-毎月2・4回目水<BR>B資源-毎月1・3回目水<BR>容器包装プラ-毎週木,A資源、B資源、容器包装プラ,,048-G-2,139.4587497,35.49555294
草柳  11,総合,大和市草柳2-27-23,,,回収地区7,A資源-毎月1・3回目火<BR>B資源-毎月2・4回目火<BR>容器包装プラ-毎週金,A資源、B資源、容器包装プラ,,114-C-1,139.4568705,35.46012129
一之関  16,総合,大和市深見西6-2,,,回収地区6,A資源-毎月2・4回目水<BR>B資源-毎月1・3回目水<BR>容器包装プラ-毎週木,A資源、B資源、容器包装プラ,,067-B-8,139.4609362,35.48374828
高等町第四  33,総合,大和市渋谷5-21-1,,,回収地区10,A資源-毎月2・4回目金<BR>B資源-毎月1・3回目金<BR>容器包装プラ-毎週土,A資源、B資源、容器包装プラ,,152-A-10,139.4645226,35.43356634
下福田北部  23,総合,大和市福田1707-11,,,回収地区9,A資源-毎月1・3回目金<BR>B資源-毎月2・4回目金<BR>容器包装プラ-毎週土,A資源、B資源、容器包装プラ,,165-E-1,139.4626287,35.42852729
文化西  2,総合（A・B）,大和市西鶴間4-16-6  旧集積場所,,,回収地区5,A資源-毎月1・3回目水<br>B資源-毎月2・4回目水,A資源（布）、B資源（ペットボトル・白色トレイ）のみ,A資源（布以外）、B資源（ペットボトル・白色トレイ以外）、容器包装プラの回収はありません,064-A-8,139.4471893,35.48366509
山下  5,総合,大和市福田2-25-2,,,回収地区9,A資源-毎月1・3回目金<BR>B資源-毎月2・4回目金<BR>容器包装プラ-毎週土,A資源、B資源、容器包装プラ,,129-E-6,139.4622878,35.44878803
つきみ野  239,総合,大和市つきみ野3-4  大和高校南側道路,,,回収地区2,A資源-毎月2・4回目木<BR>B資源-毎月1・3回目木<BR>容器包装プラ-毎週火,A資源、B資源、容器包装プラ,,021-F-8,139.4542057,35.50637999
公所  24,総合,大和市下鶴間5133　高木公園東南,,,回収地区2,A資源-毎月2・4回目木<BR>B資源-毎月1・3回目木<BR>容器包装プラ-毎週火,A資源、B資源、容器包装プラ,,002-H-10,139.4590542,35.51887435
公所  25,総合,大和市下鶴間5082,,,回収地区2,A資源-毎月2・4回目木<BR>B資源-毎月1・3回目木<BR>容器包装プラ-毎週火,A資源、B資源、容器包装プラ,,002-D-9,139.456911,35.519638
公所  27,総合,大和市下鶴間662-8  桜の散歩道の一部,,,回収地区2,A資源-毎月2・4回目木<BR>B資源-毎月1・3回目木<BR>容器包装プラ-毎週火,A資源、B資源、容器包装プラ,,013-D-6,139.4616905,35.51163012
高等町第二  35,総合,大和市渋谷8-6-1,,,回収地区10,A資源-毎月2・4回目金<BR>B資源-毎月1・3回目金<BR>容器包装プラ-毎週土,A資源、B資源、容器包装プラ,,160-A-7,139.4645978,35.43035877
柳橋  12,総合,大和市柳橋3-11-24　三井リパーク駐車場横の歩道脇,,,回収地区7,A資源-毎月1・3回目火<BR>B資源-毎月2・4回目火<BR>容器包装プラ-毎週金,A資源、B資源、容器包装プラ,,122-A-5,139.4644575,35.45369763
高等町第一  38,総合,大和市下和田1245,,,回収地区10,A資源-毎月2・4回目金<br>B資源-毎月1・3回目金<br>容器包装プラ-毎週土,A資源、B資源、容器包装プラ,,152-E-6,139.4671613,35.43515377
光丘  13,総合,大和市深見3824　大和化工(株)隣接,,,回収地区8,A資源-毎月2・4回目火<BR>B資源-毎月1・3回目火<BR>容器包装プラ-毎週金,A資源、B資源、容器包装プラ,,117-C-1,139.4703188,35.46006491
光丘  14,総合,大和市深見3882　市道上,,,回収地区8,A資源-毎月2・4回目火<BR>B資源-毎月1・3回目火<BR>容器包装プラ-毎週金,A資源、B資源、容器包装プラ,,116-D-1,139.4663058,35.45989024
南林間西南  48,総合,大和市西鶴間6-30-11  西鶴間K1ガーデンズ,,,回収地区3,A資源-毎月1・3回目月<BR>B資源-毎月2・4回目月<BR>容器包装プラ-毎週水,A資源、B資源、容器包装プラ,,054-F-9,139.4404849,35.48773647
長堀  19,総合,大和市下鶴間2835,,,回収地区6,A資源-毎月2・4回目水<BR>B資源-毎月1・3回目水<BR>容器包装プラ-毎週木,A資源、B資源、容器包装プラ,,049-F-5,139.4627682,35.49424384
下福田南部第四  6,総合,大和市福田26-11,,,回収地区9,A資源-毎月1・3回目金<BR>B資源-毎月2・4回目金<BR>容器包装プラ-毎週土,A資源、B資源、容器包装プラ,,163-E-6,139.4539196,35.42622138
高等町第二  39,総合,大和市渋谷7-26-6　サイクルプール西側,,,回収地区10,A資源-毎月2・4回目金<BR>B資源-毎月1・3回目金<BR>容器包装プラ-毎週土,A資源、B資源、容器包装プラ,,160-A-5,139.4649406,35.43131887
高等町第二  40,総合,大和市下和田893-2　エステート大和北側,,,回収地区10,A資源-毎月2・4回目金<BR>B資源-毎月1・3回目金<BR>容器包装プラ-毎週土,A資源、B資源、容器包装プラ,,166-D-2,139.4664785,35.4278015
つきみ野  27,総合,大和市つきみ野7-9  つきみ野3号公園西南角,,,回収地区2,A資源-毎月2・4回目木<br>B資源-毎月1・3回目木<br>容器包装プラ-毎週火,A資源、B資源、容器包装プラ,,012-A-2,139.4557348,35.51378473
高等町第二  41,総合,大和市渋谷7-16-13 高等町第二自治会防火倉庫隣,,,回収地区10,A資源-毎月2・4回目金<BR>B資源-毎月1・3回目金<BR>容器包装プラ-毎週土,A資源、B資源、容器包装プラ,,160-D-7,139.4663168,35.43008961
南林間東南  23,総合,大和市下鶴間3008-2　歩行者専用道路脇,,,回収地区4,A資源-毎月2・4回目月<BR>B資源-毎月1・3回目月<BR>容器包装プラ-毎週水,A資源、B資源、容器包装プラ,,039-C-7,139.4524058,35.49780898
中央林間新生  6,総合,大和市中央林間5-3-19-8,,,回収地区1,A資源-毎月1・3回目木<BR>B資源-毎月2・4回目木<BR>容器包装プラ-毎週火,A資源、B資源、容器包装プラ,,009-B-6,139.4433236,35.51149871
南林間西北  29,総合,大和市南林間5-9-14  資材置場,,,回収地区3,A資源-毎月1・3回目月<BR>B資源-毎月2・4回目月<BR>容器包装プラ-毎週水,A資源、B資源、容器包装プラ,,045-A-4,139.442242,35.49440912
光丘  15,総合,大和市深見3601-42　さかいばし公園手前,,,回収地区8,A資源-毎月2・4回目火<BR>B資源-毎月1・3回目火<BR>容器包装プラ-毎週金,A資源、B資源、容器包装プラ,,111-C-6,139.4701151,35.4624564
高等町第一  42,総合,大和市渋谷7-4-4　ガードレール沿い,,,回収地区10,A資源-毎月2・4回目金<BR>B資源-毎月1・3回目金<BR>容器包装プラ-毎週土,A資源、B資源、容器包装プラ,,160-D-2,139.4665319,35.43238374
下福田南部第四  7,総合,大和市福田45-1,,,回収地区9,A資源-毎月1・3回目金<br>B資源-毎月2・4回目金<br>容器包装プラ-毎週土,A資源、B資源、容器包装プラ,,163-F-5,139.4542261,35.42661828
下福田南部第四  8,総合,大和市福田1272-12,,,回収地区9,A資源-毎月1・3回目金<BR>B資源-毎月2・4回目金<BR>容器包装プラ-毎週土,A資源、B資源、容器包装プラ,,164-A-3,139.4557787,35.427487
桜ヶ丘  21,総合,大和市上和田951  金毘羅神社　境内ｰ2,,,回収地区10,A資源-毎月2・4回目金<br>B資源-毎月1・3回目金<br>容器包装プラ-毎週土,A資源、B資源、容器包装プラ,,130-F-2,139.4671699,35.45068552
宿  4,総合,大和市下鶴間2400,,,回収地区4,A資源-毎月2・4回目月<BR>B資源-毎月1・3回目月<BR>容器包装プラ-毎週水,A資源、B資源、容器包装プラ,,041-H-3,139.4637967,35.49941524
鶴間新町  28,総合,大和市中央林間西5-18,,,回収地区1,A資源-毎月1・3回目木<br>B資源-毎月2・4回目木<br>容器包装プラ-毎週火,A資源、B資源、容器包装プラ,,027-E-2,139.4357063,35.50431997
上ノ町  1,総合,大和市上和田663,,,回収地区10,A資源-毎月2・4回目金<BR>B資源-毎月1・3回目金<BR>容器包装プラ-毎週土,A資源、B資源、容器包装プラ,,117-G-8,139.4725478,35.45688795
南林間西南  50,総合,大和市南林間2-5-12,,,回収地区3,A資源-毎月1・3回目月<BR>B資源-毎月2・4回目月<BR>容器包装プラ-毎週水,A資源、B資源、容器包装プラ,,055-H-4,139.4463945,35.49031141
鶴間新町  29,総合,大和市中央林間西5-7-33,,,回収地区1,A資源-毎月1・3回目木<BR>B資源-毎月2・4回目木<BR>容器包装プラ-毎週火,A資源、B資源、容器包装プラ,,027-F-6,139.436289,35.50282283
つる・るＲＳ会  1,総合,大和市上草柳8-24,,,回収地区5,A資源-毎月1・3回目水<BR>B資源-毎月2・4回目水<BR>容器包装プラ-毎週木,A資源、B資源、容器包装プラ,,064-A-9,139.4471382,35.48350841
柳橋一丁目  9,総合,大和市柳橋1-21-34,,,回収地区8,A資源-毎月2・4回目火<br>B資源-毎月1・3回目火<br>容器包装プラ-毎週金,A資源、B資源、容器包装プラ,,109-E-9,139.462684,35.46109244
高等町第二  43,総合,大和市渋谷7-15-6　 ローソン脇,,,回収地区10,A資源-毎月2・4回目金<BR>B資源-毎月1・3回目金<BR>容器包装プラ-毎週土,A資源、B資源、容器包装プラ,,160-D-8,139.4663712,35.42974785
子安  2,総合,大和市上草柳9-3,,,回収地区5,A資源-毎月1・3回目水<br>B資源-毎月2・4回目水<br>容器包装プラ-毎週木,A資源、B資源、容器包装プラ,,074-A-6,139.4470693,35.48009739
下福田南部第三  1,総合,大和市福田1608-7,,,回収地区9,A資源-毎月1・3回目金<BR>B資源-毎月2・4回目金<BR>容器包装プラ-毎週土,A資源、B資源、容器包装プラ,165-H-7,R7.3/1移設,139.4641452,35.42587035
下福田北部  24,総合,大和市福田1758,,,回収地区9,A資源-毎月1・3回目金<BR>B資源-毎月2・4回目金<BR>容器包装プラ-毎週土,A資源、B資源、容器包装プラ,,158-H-9,139.4597937,35.42942951
上草柳西  18,総合,大和市上草柳191-4　フォンターナII,,,回収地区5,A資源-毎月1・3回目水<br>B資源-毎月2・4回目水<br>容器包装プラ-毎週木,A資源、B資源、容器包装プラ,,081-H-10,139.4461001,35.47384266
代官庭  10,総合,大和市代官2-6-20,,,回収地区9,A資源-毎月1・3回目金<br>B資源-毎月2・4回目金<br>容器包装プラ-毎週土,A資源、B資源、容器包装プラ,,142-E-4,139.4579988,35.44089828
南林間西南  51,総合,大和市西鶴間7-13-18　グランテラス前,,,回収地区3,A資源-毎月1・3回目月<br>B資源-毎月2・4回目月<br>容器包装プラ-毎週水,A資源、B資源、容器包装プラ,,061-G-2,139.4371228,35.48636512
南林間西南  26,総合（A・B）,大和市西鶴間7-6-15  ショールマーシュII,,,回収地区3,A資源-毎月1・3回目月<BR>B資源-毎月2・4回目月,A資源、B資源のみ,容器包装プラの回収はありません,062-B-1,139.438915,35.48689853
公所  33,総合,大和市下鶴間328-5,,,回収地区2,A資源-毎月2・4回目木<br>B資源-毎月1・3回目木<br>容器包装プラ-毎週火,A資源、B資源、容器包装プラ,,008-C-10,139.4609797,35.51465537
宮久保  5,総合,大和市上和田1313-2　上和田中学校北側,,,回収地区10,A資源-毎月2・4回目金<BR>B資源-毎月1・3回目金<BR>容器包装プラ-毎週土,A資源、B資源、容器包装プラ,,126-C-6,139.479133,35.44923797
富士見  2,総合,大和市上草柳2-12-3,,,回収地区7,A資源-毎月1・3回目火<br>B資源-毎月2・4回目火<br>容器包装プラ-毎週金,A資源、B資源、容器包装プラ,,091-D-2,139.4527788,35.47311212
南林間西南  53,総合,大和市西鶴間6-16  防災公園北西側,,,回収地区3,A資源-毎月1・3回目月<BR>B資源-毎月2・4回目月<BR>容器包装プラ-毎週水,A資源、B資源、容器包装プラ,,054-A-6,139.4381434,35.48911544
代官庭  11,総合,大和市代官2-14  中央公園,,,回収地区9,A資源-毎月1・3回目金<br>B資源-毎月2・4回目金<br>容器包装プラ-毎週土,A資源、B資源、容器包装プラ,,142-C-3,139.4571629,35.44091345
谷戸頭  5,総合,大和市上和田1710-2,,,回収地区10,A資源-毎月2・4回目金<BR>B資源-毎月1・3回目金<BR>容器包装プラ-毎週土,A資源、B資源、容器包装プラ,,131-B-8,139.4696013,35.44835619
谷戸頭  6,総合,大和市上和田1692-15,,,回収地区10,A資源-毎月2・4回目金<BR>B資源-毎月1・3回目金<BR>容器包装プラ-毎週土,A資源、B資源、容器包装プラ,,137-B-1,139.4699229,35.44640984
下福田北部  25,総合,大和市福田7004　三軒庭希望公園,,,回収地区9,A資源-毎月1・3回目金<BR>B資源-毎月2・4回目金<BR>容器包装プラ-毎週土,A資源、B資源、容器包装プラ,,158-E-9,139.4581469,35.42966036
宮下  11,総合,大和市深見3378-1,,,回収地区8,A資源-毎月2・4回目火<br>B資源-毎月1・3回目火<br>容器包装プラ-毎週金,A資源、B資源、容器包装プラ,,105-G-3,139.4722783,35.46792542
南林間西南  54,総合（B）,大和市西鶴間6-16  防災公園北東側,,,回収地区3,B資源-毎月2・4回目月,B資源のみ,A資源・容器包装プラの回収はありません,054-D-5,139.439608,35.48960192
桜ヶ丘  23,総合,大和市上和田1701,,,回収地区10,A資源-毎月2・4回目金<br>B資源-毎月1・3回目金<br>容器包装プラ-毎週土,A資源、B資源、容器包装プラ,,131-D-5,139.4707912,35.44896581
桜森  16,総合,大和市桜森1-129-28,,,回収地区5,A資源-毎月1・3回目水<br>B資源-毎月2・4回目水<br>容器包装プラ-毎週木,A資源、B資源、容器包装プラ,,098-H-4,139.442049,35.46742468
公所  35,総合,大和市下鶴間137-11と137-12の間,,,回収地区2,A資源-毎月2・4回目木<br>B資源-毎月1・3回目木<br>容器包装プラ-毎週火,A資源、B資源、容器包装プラ,,008-A-2,139.4598888,35.51800687
つきみ野  5,総合,大和市つきみ野1-6-8,,,回収地区2,A資源-毎月2・4回目木<br>B資源-毎月1・3回目木<br>容器包装プラ-毎週火,A資源、B資源、容器包装プラ,,032-F-4,139.4583604,35.50370384
鶴間新町 30,総合,大和市中央林間西5-15　Aristio中央林間,,,回収地区1,A資源ｰ毎月1・3回目木　B資源ｰ毎月2・4回目木　容器包装プラｰ毎週火,A資源、B資源、容器包装プラ,,027-D-4,139.4355465,35.50359467
三ツ和 17,総合,大和市深見台4-10-29-4,,,回収地区8,A資源ｰ毎月2・4回目火　B資源ｰ毎月1・3回目火　容器包装プラｰ毎週金,A資源、B資源、容器包装プラ,,094-E-1,139.4665515,35.47351626
下福田北部 27,総合,大和市福田7016　青空公園,,,回収地区9,A資源ｰ毎月1・3回目金　B資源ｰ毎月2・4回目金　容器包装プラｰ毎週土,A資源、B資源、容器包装プラ,,158-C-10,139.4574129,35.42886608
下福田南部第三 11,総合,大和市福田968-1　ソレアード北東角,,,回収地区9,A資源ｰ毎月1・3回目金　B資源ｰ毎月2・4回目金　容器包装プラｰ毎週土,A資源、B資源、容器包装プラ,,165-B-4,139.460917,35.42724712
公所 36,総合,大和市下鶴間118,,,回収地区2,A資源ｰ毎月2・4回目木　B資源ｰ毎月1・3回目木　容器包装プラｰ毎週火,A資源、B資源、容器包装プラ,,006-F-3,139.4579666,35.51752147
桜ヶ丘親和会 8,総合,大和市上和田1773　グリーンハイツ桜ヶ丘,,,回収地区10,A資源ｰ毎月2・4回目金　B資源ｰ毎月1・3回目金　容器包装プラｰ毎週土,A資源、B資源、容器包装プラ,,130-G-9,139.4677181,35.44733495
中央五丁目 9,総合,大和市中央5-2-26　ルミネ大和,,,回収地区7,A資源ｰ毎月1・3回目火　B資源ｰ毎月2・4回目火　容器包装プラｰ毎週金,A資源、B資源、容器包装プラ,,102-H-2,139.4593418,35.4683158
下福田南部第四 9,総合,大和市福田7028,,,回収地区9,A資源ｰ毎月1・3日目金　B資源ｰ毎月2・4回目金　容器包装プラｰ毎週土,A資源、B資源、容器包装プラ,,164-H-2,139.4595775,35.42773149
下福田北部 28,総合,大和市福田1760-1,,,回収地区9,A資源ｰ毎月1・3回目金　B資源ｰ毎月2・4回目金　容器包装プラｰ毎週土,A資源、B資源、容器包装プラ,,158-G-8,139.459047,35.42984367
下福田北部 3,総合,大和市福田1244-1　のろっとバス停付近,,,回収地区9,A資源ｰ毎月1・3回目金　B資源ｰ毎月2・4回目金　容器包装プラｰ毎週土,A資源、B資源、容器包装プラ,,158-B-9,139.4567538,35.42933738
光丘 16,総合,大和市深見3815-1　光丘自治会館前,,,回収地区8,A資源ｰ毎月2・4回目火　B資源ｰ毎月1・3回目火　容器包装プラｰ毎週金,A資源、B資源、容器包装プラ,,111-C-8,139.4703617,35.46109483
山谷 9,総合,大和市下鶴間6014-8,,,回収地区2,A資源ｰ毎月2・4回目木　B資源ｰ毎月1・3回目木　容器包装プラｰ毎週火,A資源、B資源、容器包装プラ,,034-F-3,139.4672952,35.50434233
谷戸頭 7,総合,大和市上和田1689-29,,,回収地区10,A資源-毎月2・4回目金<BR>B資源-毎月1・3回目金<BR>容器包装プラ-毎週土,A資源、B資源、容器包装プラ,,137-D-1,139.4707426,35.44636622
鶴間新町 3,総合,大和市中央林間西2-4-26　コーポルーチェ,,,回収地区1,A資源-毎月1・3回目木<BR>B資源-毎月2・4回目木<BR>容器包装プラ-毎週火,A資源、B資源、容器包装プラ,,036-C-4,139.4388824,35.49911783
つきみ野 254,総合,大和市つきみ野1-6-36,,,回収地区2,A資源ｰ毎月2・4回目木　B資源ｰ毎月1・3回目木　容器包装プラｰ毎週火,A資源、B資源、容器包装プラ,,032-B-5,139.4563651,35.50278845
入村 4,総合,大和市深見台3-6,,,回収地区8,A資源ｰ毎月2・4回目火　B資源ｰ毎月1・3回目火　容器包装プラｰ毎週金,A資源、B資源、容器包装プラ,,095ｰD-7,139.4703881,35.47066516
慰霊塔公園 7,総合,大和市上草柳8-28-15,,,回収地区5,Ａ資源ｰ毎月1･3回目水<BR>Ｂ資源ｰ毎月2･4回目水<BR>容器包装プラｰ毎週木,Ａ資源、Ｂ資源、容器包装プラ,,064-D-8,139.4486122,35.48358558
山王原 15,総合,大和市下鶴間3036-6　ふじハイツ,,,回収地区6,A資源-毎月2・4回目水<BR>B資源-毎月1・3回目水<BR>容器包装プラ-毎週木,A資源、B資源、容器包装プラ,,040-A-10,139.4556849,35.49630347
南林間西南 40,総合,大和市南林間6-27 むつみ公園入口,,,回収地区3,A資源-毎月1･3回目月<BR>B資源-毎月2･4回目月<BR>容器包装プラ-毎週水,A資源、B資源、容器包装プラ,,053-G-6,139.4368736,35.48926815
下福田南部第四 10,総合,大和市福田1276,,,回収地区9,A資源-毎月1･3回目金<BR>B資源-毎月2･4回目金<BR>容器包装プラ-毎週土,A資源、B資源、容器包装プラ,,164-B-3,139.4564899,35.4272224
鶴間新町 34,総合,大和市中央林間西5-20付近道路,,,回収地区1,A資源-毎月1･3回目木<BR>B資源-毎月2･4回目木<BR>容器包装プラ-毎週火,A資源、B資源、容器包装プラ,,28-A-1,139.4377999,35.50489142
中央五丁目 13,総合,大和市中央5-2-25　ホーユウパレス大和,,,回収地区7,A資源-毎月1･3回目火<BR>B資源-毎月2･4回目火<BR>容器包装プラ-毎週金,A資源、B資源、容器包装プラ,,102-G-2,139.4589061,35.4684261
富士見ヶ丘2,総合,大和市福田1-11-21桜ヶ丘駅前ヒルズ,,,回収地区9,A資源-毎月1･3回目金<BR>B資源-毎月2･4回目金<BR>容器包装プラ-毎週土,A資源、B資源、容器包装プラ,R6年12月より専用から一般に変更,129-H-1,139.4639433,35.45093971
公所 38,総合,下鶴間108 分譲地セキュレアつきみ野ごみ集積所,,,回収地区 2,A資源-毎月2･4回目木<BR>B資源-毎月1･3回目木<BR>容器包装プラ-毎週火,A資源、B資源、容器包装プラ,,008-A-4,139.4599945,35.51728368
上和田団地 28,総合,大和市上和田2412 上和田団地4-8北側,,,回収地区10,A資源-毎月2･4回目金<BR>B資源-毎月1･3回目金<BR>容器包装プラ-毎週土,A資源、B資源、容器包装プラ,R7.2月に集合住宅等の専用から一般に変更,146-C-4,139.4745714,35.4407099
光丘 17,総合,大和市深見3594,,,回収地区8,A資源-毎月2･4回目火<BR>B資源-毎月1･3回目火<BR>容器包装プラ-毎週金,A資源、B資源、容器包装プラ,,111-B-3,139.4696624,35.46344484
公所 10B,総合,下鶴間181-1,,,回収地区2,A資源-毎月2・4回目木<BR>B資源-毎月1・3回目木<BR>容器包装プラ-毎週火,容器包装プラ,,006-C-1,139.456844,35.51844443
下福田南部第三 13,総合,大和市福田917 福田農園横,,,回収地区9,A資源ｰ毎月1・3回目金<BR>B資源ｰ毎月2・4回目金<BR>容器包装プラｰ毎週土,A資源、B資源、容器包装プラ,,165-B-4,139.4611018,35.42703547
鶴間新町  17,小規模,大和市中央林間西5-14-7,,,回収地区1,A資源-毎月1・3回目木<br>容器包装プラ-毎週火,A資源、容器包装プラ,B資源の回収はありません,027-F-5,139.436272,35.50338509
鶴間新町  20,小規模,大和市中央林間西5-8-27  帰属ごみ停,,,回収地区1,A資源-毎月1・3回目木<BR>容器包装プラ-毎週火,A資源、容器包装プラ,B資源の回収はありません,027-G-5,139.4368784,35.50316324
鶴間新町  14,小規模,大和市中央林間西5-2　コンツェルトパーク,,,回収地区1,A資源-毎月1・3回目木<BR>容器包装プラ-毎週火,A資源、容器包装プラ,B資源の回収はありません,028-A-7,139.4382072,35.50221628
南林間西南  52,小規模（容器包装プラのみ）,大和市西鶴間7-13-29  カーサフォレスタB,,,回収地区3,容器包装プラ-毎週水,容器包装プラのみ,A・B資源の回収はありません,062-B-1,139.4387489,35.48681561
南林間西南  21,小規模,大和市南林間6-14-12 グランドビルKEI横,,,回収地区3,A資源-毎月1・3回目月<BR>容器包装プラ-毎週水,A資源、容器包装プラ,B資源の回収はありません,054-D-5,139.4398579,35.48946897
相模大塚北  10,小規模（容器包装プラのみ）,大和市桜森3-5-10　メルヴェーユ桜森,,,回収地区5,容器包装プラ-毎週木,容器包装プラのみ,A・B資源の回収はありません,088-E-3,139.4402872,35.47233578
南林間西南  46,小規模,大和市西鶴間6-11-18,,,回収地区3,A資源-毎月1・3回目月<BR>容器包装プラ-毎週水,A資源、容器包装プラ,B資源の回収はありません,055-C-5,139.4432227,35.4896218
南林間西南  44,小規模,大和市西鶴間6-11-20,,,回収地区3,A資源-毎月1・3回目月<BR>容器包装プラ-毎週水,A資源、容器包装プラ,B資源の回収はありません,055-C-6,139.4433513,35.48930323
南林間北  9,小規模,大和市南林間3-5-18  南林間セントラルマンション2号棟,,,回収地区3,A資源-毎月1・3回目月<BR>容器包装プラ-毎週水,A資源、容器包装プラ,B資源の回収はありません,037-C-5,139.4437796,35.49876011
南林間西南  45,小規模,大和市西鶴間6-10-11,,,回収地区3,A資源-毎月1・3回目月<BR>容器包装プラ-毎週水,A資源、容器包装プラ,B資源の回収はありません,055-D-8,139.4441711,35.4884479
西鶴間小田急  8,小規模,大和市西鶴間4-12-30,,,回収地区5,A資源-毎月1・3回目水<BR>容器包装プラ-毎週木,A資源、容器包装プラ,B資源の回収はありません,063-F-5,139.4450606,35.48530582
中央林間内山  30,小規模,大和市中央林間6-7-13  大和中央幼稚園,,,回収地区1,A資源-毎月1・3回目木<BR>容器包装プラ-毎週火,A資源、容器包装プラ,B資源の回収はありません,009-H-8,139.4463884,35.51092711
南林間東北  14,小規模（容器包装プラのみ）,大和市林間2-6-1  Dグラフォート中央林間,,,回収地区4,容器包装プラ-毎週水,容器包装プラのみ,A・B資源の回収はありません,038-A-4・5,139.4466728,35.4987951
中央林間内山  28,小規模,大和市中央林間6-15-1,,,回収地区1,A資源-毎月1・3回目木<BR>容器包装プラ-毎週火,A資源、容器包装プラ,B資源の回収はありません,010-A-3,139.4470312,35.51306114
中央林間内山  24,小規模,大和市中央林間9-31-20  医療法人泉心会「大地」,,,回収地区1,A資源-毎月1・3回目木<br>容器包装プラ-毎週火,A資源、容器包装プラ,B資源の回収はありません,010-B-1,139.4474888,35.51379471
慰霊塔公園  4,小規模,大和市西鶴間4-3-20,,,回収地区5,A資源-毎月1・3回目水<BR>容器包装プラ-毎週木,A資源、容器包装プラ,B資源の回収はありません,064-B-2,139.4475734,35.48667183
中央林間内山  21,小規模,大和市中央林間9-51  横浜水道路(桜の散歩道),,,回収地区1,A資源-毎月1・3回目木<br>容器包装プラ-毎週火,A資源、容器包装プラ,B資源の回収はありません,004-C-6,139.4476606,35.51624564
中央林間内山  22,小規模,大和市中央林間9-51  歩行者専用道路,,,回収地区1,A資源-毎月1・3回目木<BR>容器包装プラ-毎週火,A資源、容器包装プラ,B資源の回収はありません,004-C-8,139.4478241,35.51540028
中央林間内山  23,小規模,大和市中央林間9-33-1  歩行者専用道,,,回収地区1,A資源-毎月1・3回目木<BR>容器包装プラ-毎週火,A資源、容器包装プラ,B資源の回収はありません,004-D-10,139.4483653,35.51458422
中央林間内山  27,小規模,大和市中央林間9-12  （株）百力建設,,,回収地区1,A資源-毎月1・3回目木<BR>容器包装プラ-毎週火,A資源、容器包装プラ,B資源の回収はありません,010-F-8<BR>R6年5月末に廃止,139.4496923,35.51118037
南林間東南  16,小規模,大和市林間1-5-18　林間小学校東側,,,回収地区4,A資源-毎月2・4回目月<BR>容器包装プラ-毎週水,A資源、容器包装プラ,B資源の回収はありません,038-G-8,139.4500537,35.49718922
つきみ野  107,小規模,大和市つきみ野8-4-50,,,回収地区2,A資源-毎月2・4回目木<br>容器包装プラ-毎週火,A資源、容器包装プラ,B資源の回収はありません,004-G-3,139.4502729,35.51771215
中央林間内山  25,小規模,大和市中央林間9-21  五差路,,,回収地区1,A資源-毎月1・3回目木<br>容器包装プラ-毎週火,A資源、容器包装プラ,B資源の回収はありません,010-H-5,139.450686,35.51233266
つきみ野  106,小規模,大和市つきみ野8-5-13,,,回収地区2,A資源-毎月2・4回目木<BR>容器包装プラ-毎週火,A資源、容器包装プラ,B資源の回収はありません,005-A-3,139.4509905,35.51774821
つきみ野  109,小規模,大和市つきみ野8-1-10,,,回収地区2,A資源-毎月2・4回目木<BR>容器包装プラ-毎週火,A資源、容器包装プラ,B資源の回収はありません,005-A-8,139.45128,35.51540037
つきみ野  108,小規模,大和市つきみ野8-4-13,,,回収地区2,A資源-毎月2・4回目木<BR>容器包装プラ-毎週火,A資源、容器包装プラ,B資源の回収はありません,005-A-5,139.4513013,35.51683178
つきみ野  136,小規模,大和市つきみ野6-5-36,,,回収地区2,A資源-毎月2・4回目木<BR>容器包装プラ-毎週火,A資源、容器包装プラ,B資源の回収はありません,011-B-1,139.4516042,35.5141239
つきみ野  245,小規模,大和市つきみ野6-4-45,,,回収地区2,A資源-毎月2・4回目木<br>容器包装プラ-毎週火,A資源、容器包装プラ,B資源の回収はありません,011-B-2,139.4517851,35.51362035
中央林間内山  26,小規模,大和市中央林間9-9   （株）石井自動車整備工場,,,回収地区1,A資源-毎月1・3回目木<BR>容器包装プラ-毎週火,A資源、容器包装プラ,B資源の回収はありません,011-B-6,139.4517838,35.5115644
つきみ野  141,小規模,大和市つきみ野6-2-33,,,回収地区2,A資源-毎月2・4回目木<BR>容器包装プラ-毎週火,A資源、容器包装プラ,B資源の回収はありません,011-B-5,139.451998,35.51241539
鶴間  5,小規模,大和市鶴間1-2-6,,,回収地区6,A資源-毎月2・4回目水<br>容器包装プラ-毎週木,A資源、容器包装プラ,B資源の回収はありません,057-C-4,139.4521807,35.48984823
つきみ野  105,小規模,大和市つきみ野8-6-30,,,回収地区2,A資源-毎月2・4回目木<BR>容器包装プラ-毎週火,A資源、容器包装プラ,B資源の回収はありません,005-C-5,139.4522551,35.51647831
つきみ野  137,小規模,大和市つきみ野6-4-15,,,回収地区2,A資源-毎月2・4回目木;br;容器包装プラ-毎週火,A資源、容器包装プラ,B資源の回収はありません,011-C-1,139.4525529,35.51412286
つきみ野  135,小規模,大和市つきみ野6-4-26,,,回収地区2,A資源-毎月2・4回目木<BR>容器包装プラ-毎週火,A資源、容器包装プラ,B資源の回収はありません,011-C-1,139.4522203,35.51396681
つきみ野  132,小規模,大和市つきみ野6-5-18,,,回収地区2,A資源-毎月2・4回目木<BR>容器包装プラ-毎週火,A資源、容器包装プラ,B資源の回収はありません,005-D-9,139.4528633,35.51480472
つきみ野  140,小規模,大和市つきみ野6-2-38,,,回収地区2,A資源-毎月2・4回目木<br>容器包装プラ-毎週火,A資源、容器包装プラ,B資源の回収はありません,011-D-4,139.4526044,35.51266108
つきみ野  143,小規模,大和市つきみ野6-1-80,,,回収地区2,A資源-毎月2・4回目木;br;容器包装プラ-毎週火,A資源、容器包装プラ,B資源の回収はありません,011-C-6,139.452633,35.51105165
つきみ野  134,小規模,大和市つきみ野6-6-27,,,回収地区2,A資源-毎月2・4回目木;br;容器包装プラ-毎週火,A資源、容器包装プラ,B資源の回収はありません,005-D-10,139.4529517,35.51428322
つきみ野  144,小規模,大和市つきみ野6-2-18,,,回収地区2,A資源-毎月2・4回目木<BR>容器包装プラ-毎週火,A資源、容器包装プラ,B資源の回収はありません,011-D-5,139.4530187,35.51222558
つきみ野  156,小規模,大和市つきみ野5-2-18,,,回収地区2,A資源-毎月2・4回目木<BR>容器包装プラ-毎週火,A資源、容器包装プラ,B資源の回収はありません,011-E-10,139.4532198,35.50989738
つきみ野  101,小規模,大和市つきみ野8-10-7  つきみの7号公園,,,回収地区2,A資源-毎月2・4回目木<br>容器包装プラ-毎週火,A資源、容器包装プラ,B資源の回収はありません,005-E-3,139.453299,35.51776682
つきみ野  139,小規模,大和市つきみ野6-3-22,,,回収地区2,A資源-毎月2・4回目木<br>容器包装プラ-毎週火,A資源、容器包装プラ,B資源の回収はありません,011-E-3,139.4533326,35.51311405
つきみ野  103,小規模,大和市つきみ野8-10-35,,,回収地区2,A資源-毎月2・4回目木<br>容器包装プラ-毎週火,A資源、容器包装プラ,B資源の回収はありません,005-E-5,139.453366,35.51690432
つきみ野  133,小規模,大和市つきみ野6-6-2,,,回収地区2,A資源-毎月2・4回目木<BR>容器包装プラ-毎週火,A資源、容器包装プラ,B資源の回収はありません,005-E-10,139.4534071,35.51443161
つきみ野  146,小規模,大和市つきみ野6-1-50,,,回収地区2,A資源-毎月2・4回目木<BR>容器包装プラ-毎週火,A資源、容器包装プラ,B資源の回収はありません,011-E-7,139.4534179,35.51140297
つきみ野  145,小規模,大和市つきみ野6-1-71,,,回収地区2,A資源-毎月2・4回目木<BR>容器包装プラ-毎週火,A資源、容器包装プラ,B資源の回収はありません,011-F‐6,139.4533429,35.51183065
つきみ野  102,小規模,大和市つきみ野8-10-11,,,回収地区2,A資源-毎月2・4回目木<BR>容器包装プラ-毎週火,A資源、容器包装プラ,B資源の回収はありません,005-E-4,139.4535409,35.51732497
つきみ野  110,小規模,大和市つきみ野8-12-13,,,回収地区2,A資源-毎月2・4回目木<BR>容器包装プラ-毎週火,A資源、容器包装プラ,B資源の回収はありません,005-E-6,139.4536267,35.51623396
つきみ野  147,小規模,大和市つきみ野6-1-34,,,回収地区2,A資源-毎月2・4回目木<BR>容器包装プラ-毎週火,A資源、容器包装プラ,B資源の回収はありません,011-F-8,139.4536805,35.51106258
つきみ野  150,小規模,大和市つきみ野6-1-88,,,回収地区2,A資源-毎月2・4回目木<BR>容器包装プラ-毎週火,A資源、容器包装プラ,B資源の回収はありません,011-F-5,139.4536938,35.51224742
つきみ野  158,小規模,大和市つきみ野5-1,,,回収地区2,A資源-毎月2・4回目木<br>容器包装プラ-毎週火,A資源、容器包装プラ,B資源の回収はありません,021-F-2,139.4538055,35.50943037
つきみ野  149,小規模,大和市つきみ野6-1-12,,,回収地区2,A資源-毎月2・4回目木<BR>容器包装プラ-毎週火,A資源、容器包装プラ,B資源の回収はありません,011-F-6,139.4540957,35.5118023
つきみ野  138,小規模,大和市つきみ野6-7-2,,,回収地区2,A資源-毎月2・4回目木<BR>容器包装プラ-毎週火,A資源、容器包装プラ,B資源の回収はありません,011-F-2,139.4539536,35.51361555
つきみ野  151,小規模,大和市つきみ野6-8-36,,,回収地区2,A資源-毎月2・4回目木;br;容器包装プラ-毎週火,A資源、容器包装プラ,B資源の回収はありません,011-F-4,139.4538304,35.51257254
つきみ野  155,小規模,大和市つきみ野6-7-33,,,回収地区2,A資源-毎月2・4回目木<BR>容器包装プラ-毎週火,A資源、容器包装プラ,B資源の回収はありません,011-E-2,139.4532919,35.51346498
つきみ野  111,小規模,大和市つきみ野8-11  つきみ野2号公園東南側,,,回収地区2,A資源-毎月2・4回目木<BR>容器包装プラ-毎週火,A資源、容器包装プラ,B資源の回収はありません,005-F-5,139.4540366,35.51651546
つきみ野  117,小規模,大和市つきみ野7-19-24,,,回収地区2,A資源-毎月2・4回目木<BR>容器包装プラ-毎週火,A資源、容器包装プラ,B資源の回収はありません,005-F-8,139.4540768,35.51526516
つきみ野  118,小規模,大和市つきみ野7-8-13,,,回収地区2,A資源-毎月2・4回目木<BR>容器包装プラ-毎週火,A資源、容器包装プラ,B資源の回収はありません,005-F-9,139.4540983,35.51469347
つきみ野  229,小規模,大和市つきみ野1-2,,,回収地区2,A資源-毎月2・4回目木<BR>容器包装プラ-毎週火,A資源、容器包装プラ,B資源の回収はありません,031-F-3,139.454179,35.50418488
つきみ野  152,小規模,大和市つきみ野6-8  芝地,,,回収地区2,A資源-毎月2・4回目木<br>容器包装プラ-毎週火,A資源、容器包装プラ,B資源の回収はありません,011-F-4,139.4542098,35.51267732
つきみ野  232,小規模,大和市つきみ野1-1-27  歩行者専用道,,,回収地区2,A資源-毎月2・4回目木<BR>容器包装プラ-毎週火,A資源、容器包装プラ,B資源の回収はありません,031-G-6,139.4542434,35.50286258
つきみ野  148,小規模,大和市つきみ野6-8-30,,,回収地区2,A資源-毎月2・4回目木<BR>容器包装プラ-毎週火,A資源、容器包装プラ,B資源の回収はありません,011-G-6,139.4543448,35.51175212
つきみ野  113,小規模,大和市つきみ野8-13-34,,,回収地区2,A資源-毎月2・4回目木<BR>容器包装プラ-毎週火,A資源、容器包装プラ,B資源の回収はありません,005-G-5,139.4543688,35.51671621
つきみ野  112,小規模,大和市つきみ野8-13-38,,,回収地区2,A資源-毎月2・4回目木<BR>容器包装プラ-毎週火,A資源、容器包装プラ,B資源の回収はありません,005-G-6,139.4545992,35.51631909
つきみ野  231,小規模,大和市つきみ野1-1-1  TKエンジニア,,,回収地区2,A資源-毎月2・4回目木<BR>容器包装プラ-毎週火,A資源、容器包装プラ,B資源の回収はありません,031-G-6,139.454597,35.50288877
つきみ野  116,小規模,大和市つきみ野7-19-19,,,回収地区2,A資源-毎月2・4回目木<BR>容器包装プラ-毎週火,A資源、容器包装プラ,B資源の回収はありません,005-H-8,139.454693,35.51547901
つきみ野  159,小規模,大和市つきみ野5-1-1  つきみ野アネックス,,,回収地区2,A資源-毎月2・4回目木<BR>容器包装プラ-毎週火,A資源、容器包装プラ,B資源の回収はありません,021-G-1,139.454661,35.50966176
つきみ野  114,小規模,大和市つきみ野8-13-51,,,回収地区2,A資源-毎月2・4回目木<BR>容器包装プラ-毎週火,A資源、容器包装プラ,B資源の回収はありません,005-H-6,139.4551028,35.5162711
つきみ野  120,小規模,大和市つきみ野7-3-7,,,回収地区2,A資源-毎月2・4回目木<br>容器包装プラ-毎週火,A資源、容器包装プラ,B資源の回収はありません,011-H-3,139.4548259,35.51312588
つきみ野  230,小規模,大和市つきみ野1-2-56  エクセルつきみ野,,,回収地区2,A資源-毎月2・4回目木<BR>容器包装プラ-毎週火,A資源、容器包装プラ,B資源の回収はありません,031-H-4,139.4549238,35.50390996
つきみ野  153,小規模,大和市つきみ野6-9-35,,,回収地区2,A資源-毎月2・4回目木<br>容器包装プラ-毎週火,A資源、容器包装プラ,B資源の回収はありません,011-H-6,139.4551366,35.51191403
つきみ野  119,小規模,大和市つきみ野7-10-9,,,回収地区2,A資源-毎月2・4回目木<BR>容器包装プラ-毎週火,A資源、容器包装プラ,B資源の回収はありません,011-H-2,139.4551913,35.51355012
つきみ野  192,小規模,大和市つきみ野3-3-4,,,回収地区2,A資源-毎月2・4回目木<BR>容器包装プラ-毎週火,A資源、容器包装プラ,B資源の回収はありません,022-A-9,139.4553952,35.50589125
つきみ野  131,小規模,大和市つきみ野7-11-16  英会話教室,,,回収地区2,A資源-毎月2・4回目木<br>容器包装プラ-毎週火,A資源、容器包装プラ,B資源の回収はありません,012-A-4,139.4553939,35.51250797
つきみ野  228,小規模,大和市つきみ野1-3  畑,,,回収地区2,A資源-毎月2・4回目木<BR>容器包装プラ-毎週火,A資源、容器包装プラ,B資源の回収はありません,032-A-1,139.4555667,35.50507954
つきみ野  193,小規模,大和市つきみ野3-3-4  つきみ野農園東側,,,回収地区2,A資源-毎月2・4回目木<BR>容器包装プラ-毎週火,A資源、容器包装プラ,B資源の回収はありません,022-A-9,139.4553899,35.50571669
つきみ野  160,小規模,大和市つきみ野5-5  つきみ野1号公園西南角,,,回収地区2,A資源-毎月2・4回目木<br>容器包装プラ-毎週火,A資源、容器包装プラ,B資源の回収はありません,012-A-10,139.4555221,35.51014814
つきみ野  185,小規模,大和市つきみ野3-4  大和高校 テニスコート前,,,回収地区2,A資源-毎月2・4回目木<br>容器包装プラ-毎週火,A資源、容器包装プラ,B資源の回収はありません,022-A-4,139.4555357,35.50812646
つきみ野  154,小規模,大和市つきみ野6-9-32,,,回収地区2,A資源-毎月2・4回目木<br>容器包装プラ-毎週火,A資源、容器包装プラ,B資源の回収はありません,012-A-6,139.4555768,35.51170296
山王原  16,小規模,大和市下鶴間3030-2,,,回収地区6,A資源-毎月2・4回目水<BR>容器包装プラ-毎週木,A資源、容器包装プラ,B資源の回収はありません,048-A-3,139.4555992,35.4953652
山王原  17,小規模,大和市下鶴間3030-7  利幸ビレッジ,,,回収地区6,A資源-毎月2・4回目水<BR>容器包装プラ-毎週木,A資源、容器包装プラ,B資源の回収はありません,048-A-1,139.455701,35.49612455
つきみ野  225,小規模,大和市つきみ野1-3-6  アーバンヒルつきみ野,,,回収地区2,A資源-毎月2・4回目木<BR>容器包装プラ-毎週火,A資源、容器包装プラ,B資源の回収はありません,032-A-3,139.4557918,35.50390562
つきみ野  226,小規模,大和市つきみ野1-4-24  メーラつきみ野駐車場,,,回収地区2,A資源-毎月2・4回目木<BR>容器包装プラ-毎週火,A資源、容器包装プラ,B資源の回収はありません,032-B-2,139.4558417,35.50467046
つきみ野  130,小規模,大和市つきみ野7-11-22,,,回収地区2,A資源-毎月2・4回目木<br>容器包装プラ-毎週火,A資源、容器包装プラ,B資源の回収はありません,012-B-4,139.4559301,35.51275185
つきみ野  224,小規模,大和市つきみ野1-5-1  サンハイム浜田 駐車場,,,回収地区2,A資源-毎月2・4回目木<br>容器包装プラ-毎週火,A資源、容器包装プラ,B資源の回収はありません,032-B-4,139.4559884,35.50381996
つきみ野  128,小規模,大和市つきみ野7-13-13,,,回収地区2,A資源-毎月2・4回目木<BR>容器包装プラ-毎週火,A資源、容器包装プラ,B資源の回収はありません,012-B-2,139.4562522,35.51353706
つきみ野  123,小規模,大和市つきみ野7-18-29,,,回収地区2,A資源-毎月2・4回目木<BR>容器包装プラ-毎週火,A資源、容器包装プラ,B資源の回収はありません,006-B-10,139.4562146,35.51437059
つきみ野  227,小規模,大和市つきみ野1-4  クレストールつきみ野 駐車場,,,回収地区2,A資源-毎月2・4回目木<br>容器包装プラ-毎週火,A資源、容器包装プラ,B資源の回収はありません,032-B-1,139.4562665,35.50518681
つきみ野  122,小規模,大和市つきみ野7-17-28,,,回収地区2,A資源-毎月2・4回目木<BR>容器包装プラ-毎週火,A資源、容器包装プラ,B資源の回収はありません,006-B-10,139.4563432,35.51426149
つきみ野  124,小規模,大和市つきみ野7-18-10,,,回収地区2,A資源-毎月2・4回目木<BR>容器包装プラ-毎週火,A資源、容器包装プラ,B資源の回収はありません,006-B-9,139.4562253,35.51479827
つきみ野  162,小規模,大和市つきみ野5-6  市営つきみ野野球場,,,回収地区2,A資源-毎月2・4回目木<br>容器包装プラ-毎週火,A資源、容器包装プラ,B資源の回収はありません,012-C-7,139.4564046,35.51144731
つきみ野  184,小規模,大和市つきみ野3-8  空き地,,,回収地区2,A資源-毎月2・4回目木<BR>容器包装プラ-毎週火,A資源、容器包装プラ,B資源の回収はありません,022-B-2,139.4563435,35.50885445
つきみ野  191,小規模,大和市つきみ野3-4  大和高校 グラウンド角,,,回収地区2,A資源-毎月2・4回目木<BR>容器包装プラ-毎週火,A資源、容器包装プラ,B資源の回収はありません,022-B-7,139.4563382,35.50663316
つきみ野  129,小規模,大和市つきみ野7-12-11,,,回収地区2,A資源-毎月2・4回目木<BR>容器包装プラ-毎週火,A資源、容器包装プラ,B資源の回収はありません,012-B-3,139.4563085,35.51293264
つきみ野  125,小規模,大和市つきみ野7-19-65  空き地前,,,回収地区2,A資源-毎月2・4回目木<br>容器包装プラ-毎週火,A資源、容器包装プラ,B資源の回収はありません,006-C-9,139.4566518,35.51494993
つきみ野  223,小規模,大和市つきみ野1-5,,,回収地区2,A資源-毎月2・4回目木<BR>容器包装プラ-毎週火,A資源、容器包装プラ,B資源の回収はありません,032-C-3,139.4568259,35.50391874
つきみ野  186,小規模,大和市つきみ野3-20-9,,,回収地区2,A資源-毎月2・4回目木<br>容器包装プラ-毎週火,A資源、容器包装プラ,B資源の回収はありません,022-C-4,139.456819,35.50833847
つきみ野  126,小規模,大和市つきみ野7-17-32  セルスター工業（株）,,,回収地区2,A資源-毎月2・4回目木<br>容器包装プラ-毎週火,A資源、容器包装プラ,B資源の回収はありません,006-D-10,139.4569594,35.51459847
つきみ野  127,小規模,大和市つきみ野7-17-47,,,回収地区2,A資源-毎月2・4回目木<BR>容器包装プラ-毎週火,A資源、容器包装プラ,B資源の回収はありません,012-D-1,139.4569969,35.51387748
つきみ野  190,小規模,大和市つきみ野3-13-17,,,回収地区2,A資源-毎月2・4回目木<BR>容器包装プラ-毎週火,A資源、容器包装プラ,B資源の回収はありません,022-D-8,139.4567079,35.50660699
つきみ野  161,小規模,大和市つきみ野5-7-3  つきみ野セドラス,,,回収地区2,A資源-毎月2・4回目木<br>容器包装プラ-毎週火,A資源、容器包装プラ,B資源の回収はありません,012-D-9,139.4570132,35.51045874
つきみ野  194,小規模,大和市つきみ野3-14  NICE STAGE隣,,,回収地区2,A資源-毎月2・4回目木<BR>容器包装プラ-毎週火,A資源、容器包装プラ,B資源の回収はありません,022-D-9,139.4568847,35.50590874
つきみ野  165,小規模,大和市つきみ野5-10-17,,,回収地区2,A資源-毎月2・4回目木<br>容器包装プラ-毎週火,A資源、容器包装プラ,B資源の回収はありません,012-D-6,139.4572352,35.51194018
つきみ野  163,小規模,大和市つきみ野5-10-9,,,回収地区2,A資源-毎月2・4回目木<BR>容器包装プラ-毎週火,A資源、容器包装プラ,B資源の回収はありません,012-D-6,139.457715,35.51190495
つきみ野  164,小規模,大和市つきみ野5-11-1,,,回収地区2,A資源-毎月2・4回目木<BR>容器包装プラ-毎週火,A資源、容器包装プラ,B資源の回収はありません,012-D-5,139.4570184,35.5125159
つきみ野  195,小規模,大和市つきみ野3-15  隣駐車場,,,回収地区2,A資源-毎月2・4回目木<BR>容器包装プラ-毎週火,A資源、容器包装プラ,B資源の回収はありません,022-E-10,139.4575009,35.50583457
つきみ野  189,小規模,大和市つきみ野3-17-19,,,回収地区2,A資源-毎月2・4回目木<BR>容器包装プラ-毎週火,A資源、容器包装プラ,B資源の回収はありません,022-D-7,139.4575062,35.50704341
つきみ野  220,小規模,大和市つきみ野1-4  リリファつきみ野,,,回収地区2,A資源-毎月2・4回目木<BR>容器包装プラ-毎週火,A資源、容器包装プラ,B資源の回収はありません,032-E-1,139.4576238,35.50512176
つきみ野  166,小規模,大和市つきみ野5-18-1  さくらの散歩道広場,,,回収地区2,A資源-毎月2・4回目木<br>容器包装プラ-毎週火,A資源、容器包装プラ,B資源の回収はありません,012-E-3,139.4577193,35.51323055
つきみ野  196,小規模,大和市つきみ野3-15-23,,,回収地区2,A資源-毎月2・4回目木<BR>容器包装プラ-毎週火,A資源、容器包装プラ,B資源の回収はありません,022-E-10,139.4578706,35.50560329
つきみ野  183,小規模,大和市つきみ野3-24,,,回収地区2,A資源-毎月2・4回目木<br>容器包装プラ-毎週火,A資源、容器包装プラ,B資源の回収はありません,022-E-1,139.457916,35.50949087
つきみ野  197,小規模,大和市つきみ野3-15  つきみ野パークホームズ弐番館,,,回収地区2,A資源-毎月2・4回目木<br>容器包装プラ-毎週火,A資源、容器包装プラ,B資源の回収はありません,022-E-9,139.4579334,35.50612875
草柳  12,小規模,大和市草柳2-20-2,,,回収地区7,A資源-毎月1・3回目火<br>容器包装プラ-毎週金,A資源、容器包装プラ,B資源の回収はありません,108-E-7,139.4579558,35.46190602
つきみ野  188,小規模,大和市つきみ野3-27  グリーンハイツ,,,回収地区2,A資源-毎月2・4回目木<BR>容器包装プラ-毎週火,A資源、容器包装プラ,B資源の回収はありません,022-F-6,139.4580022,35.50723333
つきみ野  221,小規模,大和市つきみ野1-5,,,回収地区2,A資源-毎月2・4回目木<BR>容器包装プラ-毎週火,A資源、容器包装プラ,B資源の回収はありません,032-F-3,139.4581513,35.50418888
つきみ野  182,小規模,大和市つきみ野3-25-2  北島生花店,,,回収地区2,A資源-毎月2・4回目木<BR>容器包装プラ-毎週火,A資源、容器包装プラ,B資源の回収はありません,022-F-2,139.4582241,35.50887196
つきみ野  167,小規模,大和市つきみ野5-18-1  つきみ野大町ビル,,,回収地区2,A資源-毎月2・4回目木<BR>容器包装プラ-毎週火,A資源、容器包装プラ,B資源の回収はありません,012-F-5,139.4583579,35.51222354
つきみ野  168,小規模,大和市つきみ野5-14-21,,,回収地区2,A資源-毎月2・4回目木<br>容器包装プラ-毎週火,A資源、容器包装プラ,B資源の回収はありません,012-F-6,139.4584218,35.51182432
つきみ野  213,小規模,大和市つきみ野1-7-3,,,回収地区2,A資源-毎月2・4回目木<BR>容器包装プラ-毎週火,A資源、容器包装プラ,B資源の回収はありません,032-G-5,139.4589958,35.50319001
つきみ野  219,小規模,大和市つきみ野1-12  つきみ野5号公園西側,,,回収地区2,A資源-毎月2・4回目木<BR>容器包装プラ-毎週火,A資源、容器包装プラ,B資源の回収はありません,032-H-1,139.4593173,35.50495745
つきみ野  212,小規模,大和市つきみ野1-7-1  コスモスつきみ野,,,回収地区2,A資源-毎月2・4回目木<BR>容器包装プラ-毎週火,A資源、容器包装プラ,B資源の回収はありません,032-H-6,139.4595799,35.50286272
つきみ野  214,小規模,大和市つきみ野1-7-5  つきみ野南パークホームズ,,,回収地区2,A資源-毎月2・4回目木<BR>容器包装プラ-毎週火,A資源、容器包装プラ,B資源の回収はありません,032-H-5,139.4595906,35.50340386
つきみ野  210,小規模,大和市つきみ野1-12  つきみ野5号公園北東角,,,回収地区2,A資源-毎月2・4回目木<BR>容器包装プラ-毎週火,A資源、容器包装プラ,B資源の回収はありません,022-H-10,139.4595798,35.50521057
つきみ野  178,小規模,大和市つきみ野4-1  直売所前,,,回収地区2,A資源-毎月2・4回目木<BR>容器包装プラ-毎週火,A資源、容器包装プラ,B資源の回収はありません,022-H-7,139.4596976,35.50675981
つきみ野  216,小規模,大和市つきみ野1-7  アークつきみ野,,,回収地区2,A資源-毎月2・4回目木<BR>容器包装プラ-毎週火,A資源、容器包装プラ,B資源の回収はありません,033-A-4,139.4597138,35.50346496
つきみ野  218,小規模,大和市つきみ野1-13  サンハイム2隣,,,回収地区2,A資源-毎月2・4回目木<br>容器包装プラ-毎週火,A資源、容器包装プラ,B資源の回収はありません,033-A-4,139.4598256,35.50386576
つきみ野  215,小規模,大和市つきみ野1-13-2  川沿い橋の近く,,,回収地区2,A資源-毎月2・4回目木<br>容器包装プラ-毎週火,A資源、容器包装プラ,B資源の回収はありません,033-A-4,139.4598569,35.50367558
つきみ野  217,小規模,大和市つきみ野1-15　雑木林西側,,,回収地区2,A資源-毎月2・4回目木<br>容器包装プラ-毎週火,A資源、容器包装プラ,B資源の回収はありません,033-A-5,139.4599358,35.5034714
つきみ野  169,小規模,大和市つきみ野4-7  東急ドエルつきみ野ビレジD-2東側,,,回収地区2,A資源-毎月2・4回目木<BR>容器包装プラ-毎週火,A資源、容器包装プラ,B資源の回収はありません,023-A-2,139.4600779,35.50912076
つきみ野  180,小規模,大和市つきみ野4-12-4  ラヴィーヌ,,,回収地区2,A資源-毎月2・4回目木<BR>容器包装プラ-毎週火,A資源、容器包装プラ,B資源の回収はありません,023-A-1,139.4602279,35.50965318
つきみ野  177,小規模,大和市つきみ野4-1-7  マリフレールつきみ野,,,回収地区2,A資源-毎月2・4回目木<BR>容器包装プラ-毎週火,A資源、容器包装プラ,B資源の回収はありません,023-A-7,139.4602173,35.50695184
つきみ野  175,小規模,大和市つきみ野4-9-1  フェリックスつきみ野,,,回収地区2,A資源-毎月2・4回目木<BR>容器包装プラ-毎週火,A資源、容器包装プラ,B資源の回収はありません,023-B-6,139.4603405,35.50738824
つきみ野  179,小規模,大和市つきみ野4-1-10  ニューハイムつきみ野,,,回収地区2,A資源-毎月2・4回目木<BR>容器包装プラ-毎週火,A資源、容器包装プラ,B資源の回収はありません,023-B-8,139.460287,35.50628414
つきみ野  171,小規模,大和市つきみ野4-8-5,,,回収地区2,A資源-毎月2・4回目木<BR>容器包装プラ-毎週火,A資源、容器包装プラ,B資源の回収はありません,023-B-4,139.4604959,35.50816068
つきみ野  208,小規模,大和市つきみ野2-2-5  フランス菓子バンボシュ,,,回収地区2,A資源-毎月2・4回目木<br>容器包装プラ-毎週火,A資源、容器包装プラ,B資源の回収はありません,033-B-１,139.4605143,35.50518693
つきみ野  207,小規模,大和市つきみ野2-2-23  進せい館,,,回収地区2,A資源-毎月2・4回目木<BR>容器包装プラ-毎週火,A資源、容器包装プラ,B資源の回収はありません,023-B-10,139.4608174,35.50562519
つきみ野  170,小規模,大和市つきみ野4-12-1  フロンティアビル,,,回収地区2,A資源-毎月2・4回目木<BR>容器包装プラ-毎週火,A資源、容器包装プラ,B資源の回収はありません,023-B-4,139.460753,35.50843999
つきみ野  198,小規模,大和市つきみ野2-3  シャルマンプレイス,,,回収地区2,A資源-毎月2・4回目木<BR>容器包装プラ-毎週火,A資源、容器包装プラ,B資源の回収はありません,023-B-9,139.4607746,35.50627106
つきみ野  206,小規模,大和市つきみ野2-3-4  ラフィーネつきみ野,,,回収地区2,A資源-毎月2・4回目木<BR>容器包装プラ-毎週火,A資源、容器包装プラ,B資源の回収はありません,023-B-9,139.4607478,35.50578229
つきみ野  172,小規模,大和市つきみ野4-11-3  スクエアつきみ野,,,回収地区2,A資源-毎月2・4回目木<BR>容器包装プラ-毎週火,A資源、容器包装プラ,B資源の回収はありません,023-C-4,139.4609348,35.50803989
下福田北部  26,小規模（容器包装プラのみ）,大和市渋谷8-21,,,回収地区9,容器包装プラ-毎週土,容器包装プラ,A・B資源の回収はありません,159-B-6,139.4609276,35.43039359
つきみ野  211,小規模,大和市つきみ野1-15-10  アルスつきみ野,,,回収地区2,A資源-毎月2・4回目木<br>容器包装プラ-毎週火,A資源、容器包装プラ,B資源の回収はありません,033-C-4,139.4611443,35.50362492
つきみ野  235,小規模,大和市つきみ野4-11-10  松崎動物病院,,,回収地区2,A資源-毎月2・4回目木<BR>容器包装プラ-毎週火,A資源、容器包装プラ,B資源の回収はありません,023-C-4,139.4612245,35.50818252
つきみ野  199,小規模,大和市つきみ野2-3  シャンドフルール,,,回収地区2,A資源-毎月2・4回目木<BR>容器包装プラ-毎週火,A資源、容器包装プラ,B資源の回収はありません,023-C-8,139.4613479,35.50620125
山王原  13,小規模,大和市下鶴間2563-57  （RS.No13総合とｾｯﾄ）,,,回収地区6,A資源-毎月2・4回目水<BR>容器包装プラ-毎週木,A資源、容器包装プラ,B資源の回収はありません,049-E-3、総合RS.No13とセット,139.4619591,35.49512971
長堀  17,小規模,大和市下鶴間2563  （RS.No17総合とセット）,,,回収地区6,A資源-毎月2・4回目水<BR>容器包装プラ-毎週木,A資源、容器包装プラ,B資源の回収はありません,049-F-4、総合RS.No17とセット,139.4623449,35.49481115
札の辻  9,小規模,大和市渋谷2-11  札の辻自治会館,,,回収地区9,A資源-毎月1・3回目金<br>容器包装プラ-毎週土,A資源、容器包装プラ,B資源の回収はありません,151-E-2,139.4625579,35.43706693
つきみ野  202,小規模,大和市つきみ野2-6-4  パルメゾンつきみ野,,,回収地区2,A資源-毎月2・4回目木<BR>容器包装プラ-毎週火,A資源、容器包装プラ,B資源の回収はありません,033-F-2,139.462966,35.5046957
つきみ野  201,小規模,大和市つきみ野2-8-2,,,回収地区2,A資源-毎月2・4回目木<BR>容器包装プラ-毎週火,A資源、容器包装プラ,B資源の回収はありません,023-G-10,139.4633089,35.50553361
大和東三丁目  8,小規模,大和市大和東3-3-18  ハイム・ホンマ,,,回収地区8,A資源-毎月2・4回目火<BR>容器包装プラ-毎週金,A資源、容器包装プラ,B資源の回収はありません,093-G-5　R6.4/30廃止,139.4634549,35.47173852
桜ヶ丘親和会  10,小規模（Ａ資源のみ）,大和市上和田1837-11,,,回収地区10,A資源-毎月2・4回目金,A資源のみ,B資源・容器包装プラの回収はありません,136-G-6,139.4681763,35.44438488
百合ヶ丘  3,小規模,大和市上和田1  ヴィラ上和田とシーダコートの間,,,回収地区10,A資源-毎月2・4回目金<BR>容器包装プラ-毎週土,A資源、容器包装プラ,B資源の回収はありません,116-G-2,139.4683364,35.45930988
大和東二丁目 1,小規模,大和市大和東2-4　大和東公園北側,,,回収地区8,A資源ｰ毎月2・4回目火　容器包装プラｰ毎週金,A資源、容器包装プラ,B資源の回収はありません,093-C-4,139.4611563,35.47237125
大和東二丁目 2,小規模,大和市大和東1-6　サンクリエイトハイツ大和　西側駐車場,,,回収地区8,A資源ｰ毎月2・4回目火　容器包装プラｰ毎週金,A資源、容器包装プラ,B資源の回収はありません<BR>R7.3.28廃止,093-B-2,139.4604598,35.4727509
大和東二丁目 7,小規模,大和市大和東2-4　大和東公園南側,,,回収地区8,A資源ｰ毎月2・4回目火　容器包装プラｰ毎週金,A資源、容器包装プラ,B資源の回収はありません,093-G-5,139.4611295,35.47207013
大和東二丁目 4,小規模,大和市深見西1-3-17　ベテルギウス南側駐車場前,,,回収地区8,A資源-毎月2・4回目火　容器包装プラｰ毎週金,A資源、容器包装プラ,B資源の回収はありません,085-C-6,139.4613973,35.4757752
つきみ野 258,小規模,大和市つきみ野3-1-7　Colmar（コルマール）,,,回収地区2,A資源-毎月2･4回目木<BR>容器包装プラ-毎週火,A資源、容器包装プラ,B資源の回収はありません,021-G-10,139.4546671,35.50548074
中央林間東14,小規模,大和市中央林間2-21-20 コスモヒルズ中央林間,,,回収地区4,A資源-毎月2･4回目月<BR>容器包装プラ-毎週水,A資源、容器包装プラ,共同住宅等の専用,030-F-8,139.4493945,35.50201146
ＬＭ大和  1,総合,大和市深見西6-6  ライオンズマンション大和,,,回収地区6,A資源-毎月2・4回目水<br>B資源-毎月1・3回目水<br>容器包装プラ-毎週木,A資源、B資源、容器包装プラ,集合住宅等の専用,067-G-5,139.4632552,35.48540772
コーポ下鶴間  1,総合,大和市西鶴間2-26-9  コーポ下鶴間集会所,,,回収地区3,A資源-毎月1・3回目月<br>B資源-毎月2・4回目月<br>容器包装プラ-毎週水,A資源、B資源、容器包装プラ,集合住宅等の専用,063-G-3,139.4459898,35.48656343
コスモ大和  2,小規模（容器包装プラのみ）,大和市中央4-14-15  コスモ大和スターアベニュー2号棟,,,回収地区7,容器包装プラ-毎週金,容器包装プラ,集合住宅等の専用,091-G-10、A・B資源の回収はありません,139.4544724,35.46961116
コスモ大和  1,総合,大和市中央4-14-24  コスモ大和スターアベニュー1号棟,,,回収地区7,A資源-毎月1・3回目火<BR>B資源-毎月2・4回目火<BR>容器包装プラ-毎週金,A資源、B資源、容器包装プラ,集合住宅等の専用,091-G-9,139.4545769,35.46997958
コトーつきみ野  1,総合,大和市下鶴間2047  コトーつきみ野,,,回収地区4,A資源-毎月2・4回目月<BR>B資源-毎月1・3回目月<BR>容器包装プラ-毎週水,A資源、B資源、容器包装プラ,集合住宅等の専用,033-F-4,139.4627678,35.50380544
コンフォール鶴間  1,総合,大和市下鶴間2777-5  コンフォール鶴間集会所前,,,回収地区6,A資源-毎月2・4回目水<BR>B資源-毎月1・3回目水<BR>容器包装プラ-毎週木,A資源、B資源、容器包装プラ,集合住宅等の専用,048-B-8,139.456403,35.49268571
サングレイス大和  1,総合,大和市深見3597-1  サングレイス大和,,,回収地区8,A資源-毎月2・4回目火<BR>B資源-毎月1・3回目火<BR>容器包装プラ-毎週金,A資源、B資源、容器包装プラ,集合住宅等の専用,111-D-5,139.470706,35.46263696
ダイアパレス鶴間  1,総合,大和市下鶴間2570-1  ダイヤパレス鶴間,,,回収地区6,A資源-毎月2・4回目水<BR>B資源-毎月1・3回目水<BR>容器包装プラ-毎週木,A資源、B資源、容器包装プラ,集合住宅等の専用,049-F-5,139.4630307,35.49413038
つきみ野  44,総合,大和市つきみ野1-1  シーズンフォートつきみ野,,,回収地区2,A資源-毎月2・4回目木<BR>B資源-毎月1・3回目木<BR>容器包装プラ-毎週火,A資源、B資源、容器包装プラ,集合住宅等の専用,031-G-4,139.4543806,35.50349375
つきみ野  43,総合,大和市つきみ野1-11-11  ドラゴンマンションつきみ野壱番館,,,回収地区2,A資源-毎月2・4回目木<BR>B資源-毎月1・3回目木<BR>容器包装プラ-毎週火,A資源、B資源、容器包装プラ,集合住宅等の専用,032-B-7,139.4558829,35.50202036
つきみ野  38,総合,大和市つきみ野1-1-56  ルピナスつきみ野,,,回収地区2,A資源-毎月2・4回目木<BR>B資源-毎月1・3回目木<BR>容器包装プラ-毎週火,A資源、B資源、容器包装プラ,集合住宅等の専用,032-B-6,139.4560758,35.50284517
つきみ野  4,総合,大和市つきみ野1-4-5  リリファつきみ野2号棟,,,回収地区2,A資源-毎月2・4回目木<BR>B資源-毎月1・3回目木<BR>容器包装プラ-毎週火,A資源、B資源、容器包装プラ,集合住宅等の専用,032-C-1,139.456911,35.50521723
つきみ野  34,総合,大和市つきみ野1-5  つきみ野ガーデニア,,,回収地区2,A資源-毎月2・4回目木<BR>B資源-毎月1・3回目木<BR>容器包装プラ-毎週火,A資源、B資源、容器包装プラ,集合住宅等の専用,032-C-2,139.4567206,35.504523
つきみ野  35,総合,大和市つきみ野1-6-3  モア・クレストつきみ野,,,回収地区2,A資源-毎月2・4回目木<BR>B資源-毎月1・3回目木<BR>容器包装プラ-毎週火,A資源、B資源、容器包装プラ,集合住宅等の専用,032-B-4,139.4563008,35.50370489
つきみ野  36,総合,大和市つきみ野1-6-8  コスモスつきみ野プライムコート,,,回収地区2,A資源-毎月2・4回目木<BR>B資源-毎月1・3回目木<BR>容器包装プラ-毎週火,A資源、B資源、容器包装プラ,集合住宅等の専用,032-E-4,139.4577957,35.50387076
つきみ野  45,総合,大和市つきみ野2-1-6  パールコートつきみ野,,,回収地区2,A資源-毎月2・4回目木<BR>B資源-毎月1・3回目木<BR>容器包装プラ-毎週火,A資源、B資源、容器包装プラ,集合住宅等の専用,033-F-3,139.4625052,35.50408036
つきみ野  46,総合,大和市つきみ野2-6-5  サーパスつきみ野,,,回収地区2,A資源-毎月2・4回目木<br>B資源-毎月1・3回目木<br>容器包装プラ-毎週火,A資源、B資源、容器包装プラ,集合住宅等の専用,033-G-3,139.463522,35.5043671
つきみ野  3,総合,大和市つきみ野3-14-2  NICE STAGEつきみ野マンション,,,回収地区2,A資源-毎月2・4回目木<BR>B資源-毎月1・3回目木<BR>容器包装プラ-毎週火,A資源、B資源、容器包装プラ,集合住宅等の専用,022-C-9,139.4565679,35.50586695
つきみ野  16,総合,大和市つきみ野4-5-1  東急ドエルつきみ野B-1,,,回収地区2,A資源-毎月2・4回目木<br>B資源-毎月1・3回目木<br>容器包装プラ-毎週火,A資源、B資源、容器包装プラ,集合住宅等の専用,012-G-10,139.4586451,35.51010442
つきみ野  15A,総合,大和市つきみ野4-6-1  東急ドエルつきみ野ビレジC-1東側,,,回収地区2,A資源-毎月2・4回目木<BR>B資源-毎月1・3回目木<BR>容器包装プラ-毎週火,A資源、B資源、容器包装プラ,集合住宅等の専用,012-H-10,139.4594296,35.51008956
つきみ野  15B,総合,大和市つきみ野4-6-1  東急ドエルつきみ野ビレジC-1北側,,,回収地区2,A資源-毎月2・4回目木<BR>B資源-毎月1・3回目木<BR>容器包装プラ-毎週火,A資源、B資源、容器包装プラ,集合住宅等の専用,012-G-9,139.4590224,35.51028593
つきみ野  41,総合,大和市つきみ野5-15-1  リーデンスクエア シェルコート,,,回収地区2,A資源-毎月2・4回目木<BR>B資源-毎月1・3回目木<BR>容器包装プラ-毎週火,A資源、B資源、容器包装プラ,集合住宅等の専用,012-G-7,139.4587223,35.51125037
つきみ野  42,総合,大和市つきみ野5-16-1  リーデンスクエア ソレイユコート,,,回収地区2,A資源-毎月2・4回目木<BR>B資源-毎月1・3回目木<BR>容器包装プラ-毎週火,A資源、B資源、容器包装プラ,集合住宅等の専用,012-G-8,139.4587705,35.51106272
つきみ野  39,総合,大和市つきみ野5-18  レクセルマンションつきみ野,,,回収地区2,A資源-毎月2・4回目木<br>B資源-毎月1・3回目木<br>容器包装プラ-毎週火,A資源、B資源、容器包装プラ,集合住宅等の専用,012-E-4,139.4579684,35.51300598
つきみ野  40,総合,大和市つきみ野5-4-29  ルイシャトレ,,,回収地区2,A資源-毎月2・4回目木<BR>B資源-毎月1・3回目木<BR>容器包装プラ-毎週火,A資源、B資源、容器包装プラ,集合住宅等の専用,011-G-8,139.4545485,35.51099278
つきみ野  26,総合,大和市つきみ野5-8-4  つきみ野ビレジA棟,,,回収地区2,A資源-毎月2・4回目木<BR>B資源-毎月1・3回目木<BR>容器包装プラ-毎週火,A資源、B資源、容器包装プラ,集合住宅等の専用,012-D-8,139.457431,35.51111505
富士フィルムつきみ野社宅会 1,総合,大和市つきみ野8-3-1  富士写真フィルム社宅,,,回収地区2,A資源-毎月2・4回目木<BR>B資源-毎月1・3回目木<BR>容器包装プラ-毎週火,A資源、B資源、容器包装プラ,集合住宅等の専用<BR>R7.3.31社宅閉鎖,004-H-6,139.4506906,35.51617279
つきみ野スカイハイツ  1,総合,大和市つきみ野8-14  つきみ野スカイハイツ,,,回収地区2,A資源-毎月2・4回目木<br>B資源-毎月1・3回目木<br>容器包装プラ-毎週火,A資源、B資源、容器包装プラ,集合住宅等の専用,005-F-3,139.453583,35.51767854
西鶴間第二  6,総合,大和市西鶴間2-11-28  ドルミ鶴間,,,回収地区3,A資源-毎月1・3回目月<br>B資源-毎月2・4回目月<br>容器包装プラ-毎週水,A資源、B資源、容器包装プラ,集合住宅等の専用,056-C-10,139.4477839,35.48755807
ハイム桜ヶ丘  9,総合,大和市柳橋2-10  ハイム桜ヶ丘8号棟東側,,,回収地区7,A資源-毎月1・3回目火<BR>B資源-毎月2・4回目火<BR>容器包装プラ-毎週金,A資源、B資源、容器包装プラ,集合住宅等の専用,116-A-9,139.4643556,35.45628986
ハイム桜ヶ丘  1,総合,大和市柳橋3-14  ハイム桜ヶ丘1号棟北側,,,回収地区7,A資源-毎月1・3回目火<BR>B資源-毎月2・4回目火<BR>容器包装プラ-毎週金,A資源、B資源、容器包装プラ,集合住宅等の専用,122-B-7,139.4651005,35.45291212
ハイム桜ヶ丘  2,総合,大和市柳橋3-16  ハイム桜ヶ丘4号棟西側,,,回収地区7,A資源-毎月1・3回目火<BR>B資源-毎月2・4回目火<BR>容器包装プラ-毎週金,A資源、B資源、容器包装プラ,集合住宅等の専用,121-G-6,139.4635949,35.45330048
ハイム桜ヶ丘  3,総合,大和市柳橋3-18  ハイム桜ヶ丘5号棟北側,,,回収地区7,A資源-毎月1・3回目火<BR>B資源-毎月2・4回目火<BR>容器包装プラ-毎週金,A資源、B資源、容器包装プラ,集合住宅等の専用,121-G-3,139.4639967,35.45467953
ハイム桜ヶ丘  4,総合,大和市柳橋3-19  ハイム桜ヶ丘6号棟東側,,,回収地区7,A資源-毎月1・3回目火<br>B資源-毎月2・4回目火<br>容器包装プラ-毎週金,A資源、B資源、容器包装プラ,集合住宅等の専用,121-H-2,139.464194,35.45503466
ハイム桜ヶ丘  5,総合,大和市柳橋3-19  ハイム桜ヶ丘7号棟東側,,,回収地区7,A資源-毎月1・3回目火<br>B資源-毎月2・4回目火<br>容器包装プラ-毎週金,A資源、B資源、容器包装プラ,集合住宅等の専用,116-A-10,139.4642516,35.4555716
ハイム桜ヶ丘  6,総合,大和市柳橋3-26  ハイム桜ヶ丘10号棟東側,,,回収地区7,A資源-毎月1・3回目火<br>B資源-毎月2・4回目火<br>容器包装プラ-毎週金,A資源、B資源、容器包装プラ,集合住宅等の専用,121-G-5,139.4633718,35.45345951
ハイム桜ヶ丘  7,総合,大和市柳橋3-26  ハイム桜ヶ丘14号棟西側公園,,,回収地区7,A資源-毎月1・3回目火<BR>B資源-毎月2・4回目火<BR>容器包装プラ-毎週金,A資源、B資源、容器包装プラ,集合住宅等の専用,121-E-4,139.4625447,35.45398124
ハイム桜ヶ丘  8,総合,大和市柳橋3-26  ハイム桜ヶ丘15号棟東側,,,回収地区7,A資源-毎月1・3回目火<BR>B資源-毎月2・4回目火<BR>容器包装プラ-毎週金,A資源、B資源、容器包装プラ,集合住宅等の専用,121-G-4,139.4633377,35.45409036
モア・ステージ桜ヶ丘  1,総合,大和市福田7-32  モアステージ桜ヶ丘,,,回収地区7,A資源-毎月1・3回目火<br>B資源-毎月2・4回目火<br>容器包装プラ-毎週金,A資源、B資源、容器包装プラ,集合住宅等の専用,120-E-9,139.4579433,35.45161787
モア・ステージ大和  1,総合,大和市下鶴間2-12  モアステージ大和ライラックの森,,,回収地区6,A資源-毎月2・4回目水<br>B資源-毎月1・3回目水<br>容器包装プラ-毎週木,A資源、B資源、容器包装プラ,集合住宅等の専用,059-F-3,139.4628676,35.49038165
ルイシャトレ鶴間  1,総合,大和市鶴間2-12-4  ルイシャトレ鶴間,,,回収地区6,A資源-毎月2・4回目水<br>B資源-毎月1・3回目水<br>容器包装プラ-毎週木,A資源、B資源、容器包装プラ,集合住宅等の専用,057-F-2,139.4538416,35.49131611
ロイヤルプラザ大和  1,総合,大和市深見3600-2  ロイヤルプラザ大和,,,回収地区8,A資源-毎月2・4回目火<BR>B資源-毎月1・3回目火<BR>容器包装プラ-毎週金,A資源、B資源、容器包装プラ,集合住宅等の専用,111-D-7,139.4709778,35.46170581
一之関  9,総合,大和市深見496  サンクレイドル大和深見,,,回収地区6,A資源-毎月2・4回目水<BR>B資源-毎月1・3回目水<BR>容器包装プラ-毎週木,A資源、B資源、容器包装プラ,集合住宅等の専用,067-H-1,139.4642044,35.4869603
コンフォール鶴間  3,総合,大和市下鶴間2777-5  コンフォール鶴間4号棟,,,回収地区6,A資源-毎月2・4回目水<BR>B資源-毎月1・3回目水<BR>容器包装プラ-毎週木,A資源、B資源、容器包装プラ,集合住宅等の専用,048-B-10,139.4564031,35.49226676
コンフォール鶴間  4,総合,大和市下鶴間2777-5  コンフォール鶴間6号棟,,,回収地区6,A資源-毎月2・4回目水<BR>B資源-毎月1・3回目水<BR>容器包装プラ-毎週木,A資源、B資源、容器包装プラ,集合住宅等の専用,048-B-10,139.4563388,35.49183908
南林間東南  13,総合,大和市林間1-13  南林間第2ダイヤモンドマンション,,,回収地区4,A資源-毎月2・4回目月<BR>B資源-毎月1・3回目月<BR>容器包装プラ-毎週水,A資源、B資源、容器包装プラ,集合住宅等の専用,047-A-3,139.4510343,35.49513815
善光明  6,総合,大和市上和田2742-1  ダイアパレスガーデン桜ヶ丘,,,回収地区10,A資源-毎月2・4回目金<br>B資源-毎月1・3回目金<br>容器包装プラ-毎週土,A資源、B資源、容器包装プラ,集合住宅等の専用,144-D-4,139.4665498,35.44037016
善光明  5,総合,大和市福田2342-1  日神パレステージ桜ヶ丘,,,回収地区10,A資源-毎月2・4回目金<BR>B資源-毎月1・3回目金<BR>容器包装プラ-毎週土,A資源、B資源、容器包装プラ,集合住宅等の専用,144-C-3,139.4658993,35.4411467
相鉄コープ  1,総合（A・B資源のみ）,大和市上和田182  相鉄コープ南瀬谷かしま3号公園,,,回収地区10,A資源-毎月2・4回目金<BR>B資源-毎月1・3回目金,A資源、B資源,集合住宅等の専用,117-G-2、容器包装プラの回収はありません,139.4726924,35.45924017
相模大塚北  6,総合,大和市桜森3-2-19  ライオンズグローベル相模大塚駅前,,,回収地区5,A資源-毎月1・3回目水<br>B資源-毎月2・4回目水<br>容器包装プラ-毎週木,A資源、B資源、容器包装プラ,集合住宅等の専用,088-G-6,139.4411517,35.47124123
大塚戸団地  1,総合,大和市深見3615  大塚戸団地,,,回収地区8,A資源-毎月2・4回目火<BR>B資源-毎月1・3回目火<BR>容器包装プラ-毎週金,A資源、B資源、容器包装プラ,集合住宅等の専用,111-F-3,139.4716046,35.46375692
大和原  6,総合,大和市下鶴間2-3-41  グランダ鶴間・大和,,,回収地区6,A資源-毎月2・4回目水<br>B資源-毎月1・3回目水<br>容器包装プラ-毎週木,A資源、B資源、容器包装プラ,集合住宅等の専用,058-G-6,139.4587857,35.48940955
大和原  8,総合,大和市下鶴間2-4  ダイヤパレス鶴間2,,,回収地区6,A資源-毎月2・4回目水<br>B資源-毎月1・3回目水<br>容器包装プラ-毎週木,A資源、B資源、容器包装プラ,集合住宅等の専用,058-H-7,139.4593629,35.48901961
大和原  9,総合,大和市下鶴間2-6-17  シーズガーデン大和,,,回収地区6,A資源-毎月2・4回目水<BR>B資源-毎月1・3回目水<BR>容器包装プラ-毎週木,A資源、B資源、容器包装プラ,集合住宅等の専用,059-E-6,139.4625273,35.48946521
大和東三丁目  6,総合,大和市深見西2-4-10  西松建設（株）,,,回収地区8,A資源-毎月2・4回目火<BR>B資源-毎月1・3回目火<BR>容器包装プラ-毎週金,A資源、B資源、容器包装プラ,集合住宅等の専用,085-E-4,139.4624045,35.47681387
大和東三丁目  7,総合,大和市大和東3-1-15  グリーンキャピタル大和,,,回収地区8,A資源-毎月2・4回目火<BR>B資源-毎月1・3回目火<BR>容器包装プラ-毎週金,A資源、B資源、容器包装プラ,集合住宅等の専用,093-F-5,139.4628119,35.47142866
大和南第五  1,総合,大和市大和南2-14  ブライトピア大和,,,回収地区8,A資源-毎月2・4回目火<BR>B資源-毎月1・3回目火<BR>容器包装プラ-毎週金,A資源、B資源、容器包装プラ,集合住宅等の専用,110-C-3,139.4660002,35.46349057
南林間東南  12,総合,大和市林間1-13-4  アドリーム南林間,,,回収地区4,A資源-毎月2・4回目月<BR>B資源-毎月1・3回目月<BR>容器包装プラ-毎週水,A資源、B資源、容器包装プラ,集合住宅等の専用,047-B-5,139.451329,35.49426972
南林間東北  11,総合,大和市林間2-6  南林間ハイツ,,,回収地区4,A資源-毎月2・4回目月<br>B資源-毎月1・3回目月<br>容器包装プラ-毎週水,A資源、B資源、容器包装プラ,集合住宅等の専用,030-A-10,139.4466728,35.50077405
南林間東北  12,総合,大和市林間2-6-1  Dグラフォート中央林間,,,回収地区4,A資源-毎月2・4回目月<BR>B資源-毎月1・3回目月<BR>容器包装プラ-毎週水,A資源、B資源、容器包装プラ,集合住宅等の専用,038-B-3,139.4476883,35.49935514
南林間東北  10,総合,大和市下鶴間1780-5  パークホームズ中央林間,,,回収地区4,A資源-毎月2・4回目月<BR>B資源-毎月1・3回目月<BR>容器包装プラ-毎週水,A資源、B資源、容器包装プラ,集合住宅等の専用,038-H-2,139.4507609,35.5001306
南林間南  11,総合,大和市西鶴間1-8-11  LM南林間第3,,,回収地区4,A資源-毎月2・4回目月<BR>B資源-毎月1・3回目月<BR>容器包装プラ-毎週水,A資源、B資源、容器包装プラ,集合住宅等の専用,046-C-9,139.4475947,35.49210069
南林間南  9,総合,大和市南林間1-2-3  プラウド南林間,,,回収地区4,A資源-毎月2・4回目月<br>B資源-毎月1・3回目月<br>容器包装プラ-毎週水,A資源、B資源、容器包装プラ,集合住宅等の専用,046-E-8,139.4487238,35.49288999
南林間南  8,総合,大和市南林間1-4-2  ライオンズステーションプラザ南林間,,,回収地区4,A資源-毎月2・4回目月<br>B資源-毎月1・3回目月<br>容器包装プラ-毎週水,A資源、B資源、容器包装プラ,集合住宅等の専用,046-D-6,139.4481846,35.49380168
南林間南  7,総合,大和市南林間1-4-9  日神パレステージ南林間第3,,,回収地区4,A資源-毎月2・4回目月<BR>B資源-毎月1・3回目月<BR>容器包装プラ-毎週水,A資源、B資源、容器包装プラ,集合住宅等の専用,046-B-5,139.4475142,35.49408633
南林間南  10,総合,大和市南林間1-5-13  ベルグランデ,,,回収地区4,A資源-毎月2・4回目月<BR>B資源-毎月1・3回目月<BR>容器包装プラ-毎週水,A資源、B資源、容器包装プラ,集合住宅等の専用,046-C-4,139.4476803,35.49458819
入村  3,総合,大和市深見台3-5-26  グランドテラス深見台,,,回収地区8,A資源-毎月2・4回目火<BR>B資源-毎月1・3回目火<BR>容器包装プラ-毎週金,A資源、B資源、容器包装プラ,集合住宅等の専用,095-E-9,139.4710458,35.46979014
柳橋  10,総合,大和市柳橋3-12-3  朝日プラザ桜ヶ丘NO.1,,,回収地区7,A資源-毎月1・3回目火<br>B資源-毎月2・4回目火<br>容器包装プラ-毎週金,A資源、B資源、容器包装プラ,集合住宅等の専用,122-B-4,139.4654674,35.4540788
大和南第三  4,総合,大和市大和南2-8-4  ロイヤルシャトー大和,,,回収地区8,A資源-毎月2・4回目火<BR>B資源-毎月1・3回目火<BR>容器包装プラ-毎週金,A資源、B資源、容器包装プラ,集合住宅等の専用,104-A-5,139.4644463,35.46702103
つきみ野  203,総合,大和市つきみ野2-1-4  LMつきみ野,,,回収地区2,A資源-毎月2・4回目木<BR>B資源-毎月1・3回目木<BR>容器包装プラ-毎週火,A資源、B資源、容器包装プラ,集合住宅等の専用,033-D-3,139.4617926,35.50423745
公所  13,総合,大和市下鶴間215  シニアネットワークさがみ,,,回収地区2,A資源-毎月2・4回目木<br>B資源-毎月1・3回目木<br>容器包装プラ-毎週火,A資源、B資源、容器包装プラ,集合住宅等の専用,002-H-10,139.4596055,35.51912904
公所  7,総合,大和市下鶴間379-2　エントピアつきみ野,,,回収地区2,A資源-毎月2・4回目木<BR>B資源-毎月1・3回目木<BR>容器包装プラ-毎週火,A資源、B資源、容器包装プラ,集合住宅等の専用,008-E-5,139.4620272,35.51692045
公所  16,総合,大和市下鶴間46-1  グレイスつきみ野第1,,,回収地区2,A資源-毎月2・4回目木<BR>B資源-毎月1・3回目木<BR>容器包装プラ-毎週火,A資源、B資源、容器包装プラ,集合住宅等の専用,006-D-4,139.4569807,35.51696285
公所  11,総合,大和市下鶴間639  ロワレールつきみ野,,,回収地区2,A資源-毎月2・4回目木<BR>B資源-毎月1・3回目木<BR>容器包装プラ-毎週火,A資源、B資源、容器包装プラ,集合住宅等の専用,013-D-7,139.4619689,35.51140057
公所  9,総合,大和市下鶴間679  サングレイスつきみ野,,,回収地区2,A資源-毎月2・4回目木<br>B資源-毎月1・3回目木<br>容器包装プラ-毎週火,A資源、B資源、容器包装プラ,集合住宅等の専用,013-B-10,139.4606457,35.5098761
高等町第二  21,総合,大和市下和田889  モアグランデ南大和,,,回収地区10,A資源-毎月2・4回目金<BR>B資源-毎月1・3回目金<BR>容器包装プラ-毎週土,A資源、B資源、容器包装プラ,集合住宅等の専用,166-G-2,139.4677751,35.42798919
高等町第三  1,総合,大和市渋谷6-4-1  藤和シティコープ高座渋谷,,,回収地区10,A資源-毎月2・4回目金<BR>B資源-毎月1・3回目金<BR>容器包装プラ-毎週土,A資源、B資源、容器包装プラ,集合住宅等の専用,152-B-4,139.4655566,35.43608878
坂上  9,総合,大和市下鶴間1784-7  ISUZU寮,,,回収地区4,A資源-毎月2・4回目月<BR>B資源-毎月1・3回目月<BR>容器包装プラ-毎週水,A資源、B資源、容器包装プラ,集合住宅等の専用,039-A-1,139.451302,35.50054083
坂上  7,総合,大和市下鶴間1785-3  ドラゴンマンション中央林間弐番館,,,回収地区4,A資源-毎月2・4回目月<BR>B資源-毎月1・3回目月<BR>容器包装プラ-毎週水,A資源、B資源、容器包装プラ,集合住宅等の専用,031-B-9,139.4517681,35.50120418
坂上  8,総合,大和市下鶴間1786  セザール中央林間,,,回収地区4,A資源-毎月2・4回目月<BR>B資源-毎月1・3回目月<BR>容器包装プラ-毎週水,A資源、B資源、容器包装プラ,集合住宅等の専用,031-C-9,139.4526307,35.50130894
坂上  5,総合,大和市下鶴間1786-1  ライオンズマンション中央林間第7,,,回収地区4,A資源-毎月2・4回目月<BR>B資源-毎月1・3回目月<BR>容器包装プラ-毎週水,A資源、B資源、容器包装プラ,集合住宅等の専用,031-C-10,139.4524539,35.50092054
桜ヶ丘  16,総合,大和市上和田1733  桜ヶ丘パークハイツ2号棟,,,回収地区10,A資源-毎月2・4回目金<br>B資源-毎月1・3回目金<br>容器包装プラ-毎週土,A資源、B資源、容器包装プラ,集合住宅等の専用,130-H-6,139.4685779,35.44884967
桜ヶ丘  18,総合,大和市上和田1733  桜ヶ丘パークハイツ1号棟,,,回収地区10,A資源-毎月2・4回目金<br>B資源-毎月1・3回目金<br>容器包装プラ-毎週土,A資源、B資源、容器包装プラ,集合住宅等の専用,130-H-6,139.468573,35.4485545
桜ヶ丘  19,総合,大和市上和田1808-1  コンフォートパーク桜ヶ丘,,,回収地区10,A資源-毎月2・4回目金<br>B資源-毎月1・3回目金<br>容器包装プラ-毎週土,A資源、B資源、容器包装プラ,集合住宅等の専用,136-E-3,139.4672694,35.44562529
桜ヶ丘  14,総合,大和市上和田953  相鉄ローゼンとネッツトヨタの間,,,回収地区10,A資源-毎月2・4回目金<BR>B資源-毎月1・3回目金<BR>容器包装プラ-毎週土,A資源、B資源、容器包装プラ,集合住宅等の専用,122-E-10,139.4670401,35.4515375
桜森  9,総合,大和市桜森2-11-15  カインドステージ相模大塚,,,回収地区5,A資源-毎月1・3回目水<br>B資源-毎月2・4回目水<br>容器包装プラ-毎週木,A資源、B資源、容器包装プラ,集合住宅等の専用,088-C-9,139.4389798,35.46999991
桜森  8,総合,大和市桜森2-4-14  レックス相模大塚駅前,,,回収地区5,A資源-毎月1・3回目水<BR>B資源-毎月2・4回目水<BR>容器包装プラ-毎週木,A資源、B資源、容器包装プラ,集合住宅等の専用,088-F-10,139.4405392,35.46950353
桜森  4,総合,大和市桜森2-23-1　ニューファミール桜森マンション,,,回収地区5,A資源-毎月1・3回目水<BR>B資源-毎月2・4回目水<BR>容器包装プラ-毎週木,A資源、B資源、容器包装プラ,集合住宅等の専用<BR>R6.12/19 迷惑ごみ対策で囲いを設置,087-H-9,139.4375173,35.46984821
東原北  8,総合,大和市上草柳8-2-35  クリオ大和伍番館,,,回収地区5,A資源-毎月1・3回目水<br>B資源-毎月2・4回目水<br>容器包装プラ-毎週木,A資源、B資源、容器包装プラ,集合住宅等の専用,074-H-3,139.4508969,35.4817644
南林間西南  37B,総合,大和市南林間6-29-32  ドウフォレスト1,,,回収地区3,A資源-毎月1・3回目月<BR>B資源-毎月2・4回目月<BR>容器包装プラ-毎週水,A資源、B資源、容器包装プラ,集合住宅等の専用,054-A-7,139.4379934,35.48898888
南林間西南  47,総合,大和市南林間6-22-27  リブゼ南林間フォレストアベニュー,,,回収地区3,A資源-毎月1・3回目月<BR>B資源-毎月2・4回目月<BR>容器包装プラ-毎週水,A資源、B資源、容器包装プラ,集合住宅等の専用,054-B-1,139.4387755,35.49151568
南林間西南  33,総合,大和市南林間4-6-15  セザール第2南林間,,,回収地区3,A資源-毎月1・3回目月<BR>B資源-毎月2・4回目月<BR>容器包装プラ-毎週水,A資源、B資源、容器包装プラ,集合住宅等の専用,045-D-5,139.4441762,35.49411242
南林間西南  1,総合,大和市南林間4-7-17  ライオンズマンション南林間,,,回収地区3,A資源-毎月1・3回目月<BR>B資源-毎月2・4回目月<BR>容器包装プラ-毎週水,A資源、B資源、容器包装プラ,集合住宅等の専用,045-B-6,139.4432654,35.49367163
南林間西南  38,総合,大和市南林間6-29-8  ヴァンクラージュ,,,回収地区3,A資源-毎月1・3回目月<br>B資源-毎月2・4回目月<br>容器包装プラ-毎週水,A資源、B資源、容器包装プラ,集合住宅等の専用,053-G-7,139.4372454,35.48857707
南林間西南  37A,総合,大和市南林間6-29-32  ドウフォレスト2,,,回収地区3,A資源-毎月1・3回目月<BR>B資源-毎月2・4回目月<BR>容器包装プラ-毎週水,A資源、B資源、容器包装プラ,集合住宅等の専用,053-H-8,139.4376559,35.48870084
南林間西南  36,総合,大和市西鶴間2-6-24  ライオンズマンション南林間ガーデン,,,回収地区3,A資源-毎月1・3回目月<BR>B資源-毎月2・4回目月<BR>容器包装プラ-毎週水,A資源、B資源、容器包装プラ,集合住宅等の専用,056-A-2,139.4466731,35.49125841
南林間西北  23,総合,大和市南林間5-3-22  フォーチューン21南林間,,,回収地区3,A資源-毎月1・3回目月<br>B資源-毎月2・4回目月<br>容器包装プラ-毎週水,A資源、B資源、容器包装プラ,集合住宅等の専用,037-A-9,139.442728,35.49664771
県営いちょう下和田団地第一  1,総合,大和市下和田262  いちょう団地57号南東,,,回収地区10,A資源-毎月2・4回目金<BR>B資源-毎月1・3回目金<BR>容器包装プラ-毎週土,A資源、B資源、容器包装プラ,集合住宅等の専用,169-H-4,139.4728544,35.42712961
県営いちょう下和田団地第一  2,総合,大和市下和田262  いちょう団地52北東,,,回収地区10,A資源-毎月2・4回目金<BR>B資源-毎月1・3回目金<BR>容器包装プラ-毎週土,A資源、B資源、容器包装プラ,集合住宅等の専用,169-H-7,139.4728223,35.42577675
県営いちょう下和田団地第三  7,総合,大和市下和田262  いちょう団地71号南東,,,回収地区10,A資源-毎月2・4回目金<BR>B資源-毎月1・3回目金<BR>容器包装プラ-毎週土,A資源、B資源、容器包装プラ,集合住宅等の専用,169-H-2,139.4729508,35.42784095
県営いちょう下和田団地第二  3,総合,大和市下和田262  いちょう団地63号北西,,,回収地区10,A資源-毎月2・4回目金<BR>B資源-毎月1・3回目金<BR>容器包装プラ-毎週土,A資源、B資源、容器包装プラ,集合住宅等の専用,169-F-5,139.4719838,35.42647279
県営いちょう下和田団地第二  4,総合,大和市下和田262  いちょう団地58号南西,,,回収地区10,A資源-毎月2・4回目金<BR>B資源-毎月1・3回目金<BR>容器包装プラ-毎週土,A資源、B資源、容器包装プラ,集合住宅等の専用,169-F-8,139.4717347,35.42518758
県営いちょう下和田団地第二  5,総合,大和市下和田262  いちょう団地59号横,,,回収地区10,A資源-毎月2・4回目金<BR>B資源-毎月1・3回目金<BR>容器包装プラ-毎週土,A資源、B資源、容器包装プラ,集合住宅等の専用,169-D-8,139.4709203,35.42533594
県営いちょう下和田団地第五  11,総合,大和市下和田262  いちょう団地79号横,,,回収地区10,A資源-毎月2・4回目金<BR>B資源-毎月1・3回目金<BR>容器包装プラ-毎週土,A資源、B資源、容器包装プラ,集合住宅等の専用,161-G-10,139.4724686,35.42891885
県営いちょう下和田団地第五  12,総合,大和市下和田262  いちょう団地81号横,,,回収地区10,A資源-毎月2・4回目金<BR>B資源-毎月1・3回目金<BR>容器包装プラ-毎週土,A資源、B資源、容器包装プラ,集合住宅等の専用,161-G-9,139.4725114,35.42935962
県営いちょう下和田団地第五  13,総合,大和市下和田262  いちょう団地83号横,,,回収地区10,A資源-毎月2・4回目金<BR>B資源-毎月1・3回目金<BR>容器包装プラ-毎週土,A資源、B資源、容器包装プラ,集合住宅等の専用,161-G-8,139.47264,35.42998804
県営いちょう下和田団地第四  8,総合,大和市下和田262  いちょう団地72号横,,,回収地区10,A資源-毎月2・4回目金<BR>B資源-毎月1・3回目金<BR>容器包装プラ-毎週土,A資源、B資源、容器包装プラ,集合住宅等の専用,161-H-10,139.4726293,35.42876175
県営いちょう下和田団地第四  10,総合,大和市下和田262  いちょう団地2号公園,,,回収地区10,A資源-毎月2・4回目金<BR>B資源-毎月1・3回目金<BR>容器包装プラ-毎週土,A資源、B資源、容器包装プラ,集合住宅等の専用,161-H-8,139.4727365,35.42967383
光丘  9,総合,大和市深見3842-1  クリオ大和弐番館,,,回収地区8,A資源-毎月2・4回目火<br>B資源-毎月1・3回目火<br>容器包装プラ-毎週金,A資源、B資源、容器包装プラ,集合住宅等の専用,111-B-9,139.4693005,35.46078745
上和田  21,総合,大和市上和田2664-6  寺ノ上サニーコート,,,回収地区10,A資源-毎月2・4回目金<BR>B資源-毎月1・3回目金<BR>容器包装プラ-毎週土,A資源、B資源、容器包装プラ,集合住宅等の専用,136-G-9,139.4674262,35.44270034
上和田団地  11,総合,大和市上和田2412  上和田団地2-8南側駐車場,,,回収地区10,A資源-毎月2・4回目金<br>B資源-毎月1・3回目金<br>容器包装プラ-毎週土,A資源、B資源、容器包装プラ,集合住宅等の専用,145-H-10,139.4732752,35.43782243
上和田団地  9,総合,大和市上和田2412  上和田団地1-13北側,,,回収地区10,A資源-毎月2・4回目金<BR>B資源-毎月1・3回目金<BR>容器包装プラ-毎週土,A資源、B資源、容器包装プラ,集合住宅等の専用,154-A-2,139.4732612,35.43711889
上和田団地  12,総合,大和市上和田2412  上和田団地2-3南側駐車場,,,回収地区10,A資源-毎月2・4回目金<BR>B資源-毎月1・3回目金<BR>容器包装プラ-毎週土,A資源、B資源、容器包装プラ,集合住宅等の専用,153-F-1,139.4718842,35.43757708
上和田団地  19,総合,大和市上和田2412  上和田団地3-6南側駐車場,,,回収地区10,A資源-毎月2・4回目金<br>B資源-毎月1・3回目金<br>容器包装プラ-毎週土,A資源、B資源、容器包装プラ,集合住宅等の専用,145-H-9,139.4731775,35.43837366
上和田団地  1,総合,大和市上和田2412  上和田団地1-1,,,回収地区10,A資源-毎月2・4回目金<BR>B資源-毎月1・3回目金<BR>容器包装プラ-毎週土,A資源、B資源、容器包装プラ,集合住宅等の専用,153-E-3,139.4713324,35.43659952
上和田団地  2,総合,大和市上和田2412  上和田団地1-2東側,,,回収地区10,A資源-毎月2・4回目金<BR>B資源-毎月1・3回目金<BR>容器包装プラ-毎週土,A資源、B資源、容器包装プラ,集合住宅等の専用,153-E-4,139.471595,35.43629405
上和田団地  3,総合,大和市上和田2412  上和田団地2-11,,,回収地区10,A資源-毎月2・4回目金<BR>B資源-毎月1・3回目金<BR>容器包装プラ-毎週土,A資源、B資源、容器包装プラ,集合住宅等の専用,153-G-4,139.4724737,35.43631589
上和田団地  4,総合,大和市上和田2412  上和田団地1-4東側,,,回収地区10,A資源-毎月2・4回目金<BR>B資源-毎月1・3回目金<BR>容器包装プラ-毎週土,A資源、B資源、容器包装プラ,集合住宅等の専用,153-H-4,139.4729666,35.43640318
上和田団地  5,総合,大和市上和田2412  上和田団地1-8南側駐車場,,,回収地区10,A資源-毎月2・4回目金<BR>B資源-毎月1・3回目金<BR>容器包装プラ-毎週土,A資源、B資源、容器包装プラ,集合住宅等の専用,154-A-3,139.4736631,35.43669559
上和田団地  6,総合,大和市上和田2412  上和田団地1-12南側駐車場,,,回収地区10,A資源-毎月2・4回目金<BR>B資源-毎月1・3回目金<BR>容器包装プラ-毎週土,A資源、B資源、容器包装プラ,集合住宅等の専用,154-A-2,139.4737649,35.43709272
上和田団地  7,総合,大和市上和田2412  上和田団地1-11南側駐車場,,,回収地区10,A資源-毎月2・4回目金<BR>B資源-毎月1・3回目金<BR>容器包装プラ-毎週土,A資源、B資源、容器包装プラ,集合住宅等の専用,154-C-1,139.4746489,35.43741132
上和田団地  10,総合,大和市上和田2412  上和田団地2-2西側駐車場,,,回収地区10,A資源-毎月2・4回目金<BR>B資源-毎月1・3回目金<BR>容器包装プラ-毎週土,A資源、B資源、容器包装プラ,集合住宅等の専用,153-F-1,139.4720128,35.43733706
上和田団地  8,総合,大和市上和田2412  上和田団地グランド,,,回収地区10,A資源-毎月2・4回目金<BR>B資源-毎月1・3回目金<BR>容器包装プラ-毎週土,A資源、B資源、容器包装プラ,集合住宅等の専用,146-B-10,139.4738827,35.43784334
上和田団地  13,総合,大和市上和田2412  上和田団地2-4南側駐車場,,,回収地区10,A資源-毎月2・4回目金<BR>B資源-毎月1・3回目金<BR>容器包装プラ-毎週土,A資源、B資源、容器包装プラ,集合住宅等の専用,145-F-10,139.4718467,35.43788256
上和田団地  14,総合,大和市上和田2412  上和田団地2-4西側,,,回収地区10,A資源-毎月2・4回目金<br>B資源-毎月1・3回目金<br>容器包装プラ-毎週土,A資源、B資源、容器包装プラ,集合住宅等の専用,145-F-9,139.4719726,35.43823185
上和田団地  15,総合,大和市上和田2412  上和田団地2-5南側駐車場,,,回収地区10,A資源-毎月2・4回目金<BR>B資源-毎月1・3回目金<BR>容器包装プラ-毎週土,A資源、B資源、容器包装プラ,集合住宅等の専用,145-H-9,139.4728754,35.43856338
上和田団地  16,総合,大和市上和田2412  上和田団地2-5北側,,,回収地区10,A資源-毎月2・4回目金<BR>B資源-毎月1・3回目金<BR>容器包装プラ-毎週土,A資源、B資源、容器包装プラ,集合住宅等の専用,145-H-8,139.4728165,35.43872921
上和田団地  17,総合,大和市上和田2412  上和田団地2-6,,,回収地区10,A資源-毎月2・4回目金<BR>B資源-毎月1・3回目金<BR>容器包装プラ-毎週土,A資源、B資源、容器包装プラ,集合住宅等の専用,145-H-9,139.4730094,35.43829718
上和田団地  18,総合,大和市上和田2412  上和田団地3-5東側,,,回収地区10,A資源-毎月2・4回目金<BR>B資源-毎月1・3回目金<BR>容器包装プラ-毎週土,A資源、B資源、容器包装プラ,集合住宅等の専用,146-B-8,139.474172,35.43876416
上和田団地  20,総合,大和市上和田2412  上和田団地3-3北側駐車場,,,回収地区10,A資源-毎月2・4回目金<br>B資源-毎月1・3回目金<br>容器包装プラ-毎週土,A資源、B資源、容器包装プラ,集合住宅等の専用,146-B-9,139.4743591,35.43865576
上和田団地  21,総合,大和市上和田2412  上和田団地3-3南側駐車場,,,回収地区10,A資源-毎月2・4回目金<BR>B資源-毎月1・3回目金<BR>容器包装プラ-毎週土,A資源、B資源、容器包装プラ,集合住宅等の専用,146-D-9,139.4749543,35.43826668
上和田団地  22,総合,大和市上和田2412  上和田団地3-2南側駐車場,,,回収地区10,A資源-毎月2・4回目金<BR>B資源-毎月1・3回目金<BR>容器包装プラ-毎週土,A資源、B資源、容器包装プラ,集合住宅等の専用,146-D-10,139.47489,35.43798738
上和田団地  23,総合,大和市上和田2412  上和田団地4-1北側,,,回収地区10,A資源-毎月2・4回目金<br>B資源-毎月1・3回目金<br>容器包装プラ-毎週土,A資源、B資源、容器包装プラ,集合住宅等の専用,146-B-7,139.4738434,35.439136
上和田団地  24,総合,大和市上和田2412  上和田団地4-3北側,,,回収地区10,A資源-毎月2・4回目金<BR>B資源-毎月1・3回目金<BR>容器包装プラ-毎週土,A資源、B資源、容器包装プラ,集合住宅等の専用,146-B-7,139.4740112,35.43950604
上和田団地  25,総合,大和市上和田2412  上和田団地4-5西側駐車場,,,回収地区10,A資源-毎月2・4回目金<br>B資源-毎月1・3回目金<br>容器包装プラ-毎週土,A資源、B資源、容器包装プラ,集合住宅等の専用,146-C-6,139.4746374,35.43974935
上和田団地  26,総合,大和市上和田2412  上和田団地4-7南側駐車場,,,回収地区10,A資源-毎月2・4回目金<BR>B資源-毎月1・3回目金<BR>容器包装プラ-毎週土,A資源、B資源、容器包装プラ,集合住宅等の専用,146-C-5,139.4751578,35.44043125
上和田団地  27,総合,大和市上和田2412  上和田団地4-8南側駐車場,,,回収地区10,A資源-毎月2・4回目金<BR>B資源-毎月1・3回目金<BR>容器包装プラ-毎週土,A資源、B資源、容器包装プラ,集合住宅等の専用,146-D-4,139.4749729,35.4406298
上和田団地  29,総合,大和市上和田2412  上和田団地2-10北側公園,,,回収地区10,A資源-毎月2・4回目金<br>B資源-毎月1・3回目金<br>容器包装プラ-毎週土,A資源、B資源、容器包装プラ,集合住宅等の専用,153-G-1,139.4727772,35.43744056
上和田団地  30,総合,大和市上和田2412  上和田団地2-7,,,回収地区10,A資源-毎月2・4回目金<BR>B資源-毎月1・3回目金<BR>容器包装プラ-毎週土,A資源、B資源、容器包装プラ,集合住宅等の専用,145-H-10,139.473154,35.43803534
新道下  8,総合,大和市福田6-9-26  TOP桜ヶ丘,,,回収地区9,A資源-毎月1・3回目金<BR>B資源-毎月2・4回目金<BR>容器包装プラ-毎週土,A資源、B資源、容器包装プラ,集合住宅等の専用,135-A-5,139.4599787,35.44474251
新道下  10,総合,大和市福田7-38  ヒルヴェール桜ヶ丘,,,回収地区9,A資源-毎月1・3回目金<br>B資源-毎月2・4回目金<br>容器包装プラ-毎週土,A資源、B資源、容器包装プラ,集合住宅等の専用,129-A-9,139.4600966,35.4474171
新道下  9,総合,大和市福田7-39-6  セザールリバーサイド桜ヶ丘,,,回収地区9,A資源-毎月1・3回目金<BR>B資源-毎月2・4回目金<BR>容器包装プラ-毎週土,A資源、B資源、容器包装プラ,集合住宅等の専用,129-C-10,139.461527,35.44690275
深見中原  8,総合,大和市深見西4-6-13  パテラ大和ル・シャトーレ,,,回収地区8,A資源-毎月2・4回目火<BR>B資源-毎月1・3回目火<BR>容器包装プラ-毎週金,A資源、B資源、容器包装プラ,集合住宅等の専用,067-D-9,139.461756,35.48339045
深見中原  1,総合,大和市深見西4-6-11  グランドメゾン大和,,,回収地区8,A資源-毎月2・4回目火<BR>B資源-毎月1・3回目火<BR>容器包装プラ-毎週金,A資源、B資源、容器包装プラ,集合住宅等の専用,067-D-10,139.4615577,35.48299768
西鶴間南  2,総合,大和市西鶴間3-5-6  ハイネスアミティ鶴間弐番館,,,回収地区5,A資源-毎月1・3回目水<br>B資源-毎月2・4回目水<br>容器包装プラ-毎週木,A資源、B資源、容器包装プラ,集合住宅等の専用,065-A-1,139.4515461,35.48691934
西鶴間南  3,総合,大和市西鶴間3-6-1  ハイネスアミティ鶴間壱番館,,,回収地区5,A資源-毎月1・3回目水<br>B資源-毎月2・4回目水<br>容器包装プラ-毎週木,A資源、B資源、容器包装プラ,集合住宅等の専用,065-A-2,139.4518215,35.48681366
中央四丁目  7,総合,大和市下草柳825  ダイヤパレス大和第2,,,回収地区7,A資源-毎月1・3回目火<BR>B資源-毎月2・4回目火<BR>容器包装プラ-毎週金,A資源、B資源、容器包装プラ,集合住宅等の専用,091-D-10,139.4532428,35.46911983
中央四丁目  6,総合,大和市中央4-1-22  グランシーナ大和,,,回収地区7,A資源-毎月1・3回目火<BR>B資源-毎月2・4回目火<BR>容器包装プラ-毎週金,A資源、B資源、容器包装プラ,集合住宅等の専用,093-A-9,139.4600366,35.46982262
中央二・三丁目  13,総合,大和市中央2-13-18  サニーハイツ大和,,,回収地区7,A資源-毎月1・3回目火<BR>B資源-毎月2・4回目火<BR>容器包装プラ-毎週金,A資源、B資源、容器包装プラ,集合住宅等の専用,084-F-10,139.4583166,35.47392477
中央二・三丁目  22,総合,大和市中央2-4-8  S・Kビル,,,回収地区7,A資源-毎月1・3回目火<BR>B資源-毎月2・4回目火<BR>容器包装プラ-毎週金,A資源、B資源、容器包装プラ,集合住宅等の専用,092-H-7,139.4598812,35.47059505
中央二・三丁目  14,総合,大和市中央2-5-14  ライオンズスーテーションプラザ大和,,,回収地区7,A資源-毎月1・3回目火<BR>B資源-毎月2・4回目火<BR>容器包装プラ-毎週金,A資源、B資源、容器包装プラ,集合住宅等の専用,092-H-5,139.4598544,35.47165988
サンクレイドル大和中央  1,総合,大和市中央3-9-32  サンクレイドル大和中央,,,回収地区7,A資源-毎月1・3回目火<BR>B資源-毎月2・4回目火<BR>容器包装プラ-毎週金,A資源、B資源、容器包装プラ,集合住宅等の専用<BR>R7中央二・三丁目自治会から脱退<BR>中央二・三丁目15から名称変更,092-A-2,139.4559109,35.47281624
中央林間新生  4,総合,大和市中央林間5-3-21  ウェルスト-ンヒルズ,,,回収地区1,A資源-毎月1・3回目木<br>B資源-毎月2・4回目木<br>容器包装プラ-毎週火,A資源、B資源、容器包装プラ,集合住宅等の専用,009-C-5,139.4431912,35.51211659
中央林間新生  5,総合,大和市中央林間5-4  LM中央林間クオリティテラス,,,回収地区1,A資源-毎月1・3回目木<br>B資源-毎月2・4回目木<br>容器包装プラ-毎週火,A資源、B資源、容器包装プラ,集合住宅等の専用,009-B-7,139.4429165,35.51125388
中央林間新緑野  2,総合,大和市中央林間1-2-15  市営緑の住宅A,,,回収地区1,A資源-毎月1・3回目木<BR>B資源-毎月2・4回目木<BR>容器包装プラ-毎週火,A資源、B資源、容器包装プラ,集合住宅等の専用,029-D-6,139.444192,35.50283176
中央林間新緑野  1,総合,大和市中央林間1-4  市営緑野住宅1号棟,,,回収地区1,A資源-毎月1・3回目木<br>B資源-毎月2・4回目木<br>容器包装プラ-毎週火,A資源、B資源、容器包装プラ,集合住宅等の専用,019-C-10,139.4436034,35.50522337
中央林間新緑野  3,総合,大和市中央林間1-8-13  市営緑野住宅集会所,,,回収地区1,A資源-毎月1・3回目木<BR>B資源-毎月2・4回目木<BR>容器包装プラ-毎週火,A資源、B資源、容器包装プラ,集合住宅等の専用,029-B-5,139.442981,35.50313721
中央林間西  10,総合,大和市中央林間3-22-16  東急ドエルアルス中央林間グランデンス,,,回収地区1,A資源-毎月1・3回目木<br>B資源-毎月2・4回目木<br>容器包装プラ-毎週火,A資源、B資源、容器包装プラ,集合住宅等の専用,018-E-7,139.4401057,35.50701828
中央林間西  13,総合,大和市中央林間5-1-18  ライオンズマンション中央林間駅前,,,回収地区1,A資源-毎月1・3回目木<BR>B資源-毎月2・4回目木<BR>容器包装プラ-毎週火,A資源、B資源、容器包装プラ,集合住宅等の専用,009-C-10,139.4438059,35.50978366
中央林間西  11,総合,大和市中央林間5-2-1  モラーダ中央林間,,,回収地区1,A資源-毎月1・3回目木<br>B資源-毎月2・4回目木<br>容器包装プラ-毎週火,A資源、B資源、容器包装プラ,集合住宅等の専用,009-D-10,139.4438308,35.51028111
中央林間西  12,総合,大和市中央林間5-2-20  ルピナス中央林間,,,回収地区1,A資源-毎月1・3回目木<br>B資源-毎月2・4回目木<br>容器包装プラ-毎週火,A資源、B資源、容器包装プラ,集合住宅等の専用,009-D-8,139.4437234,35.51082345
中央林間西  14,総合,大和市中央林間5-2-9  中央林間クラロII,,,回収地区1,A資源-毎月1・3回目木<BR>B資源-毎月2・4回目木<BR>容器包装プラ-毎週火,A資源、B資源、容器包装プラ,集合住宅等の専用,009-B-9,139.4433022,35.51057354
中央林間東  8,総合,大和市中央林間2-16-15  レーベンハイム中央林間エアシス,,,回収地区4,A資源-毎月2・4回目月<br>B資源-毎月1・3回目月<br>容器包装プラ-毎週水,A資源、B資源、容器包装プラ,集合住宅等の専用,030-E-4,139.4487988,35.5035729
中央林間東  9,総合,大和市中央林間2-4-9  サンライズ・ステージ中央林間,,,回収地区4,A資源-毎月2・4回目月<BR>B資源-毎月1・3回目月<BR>容器包装プラ-毎週水,A資源、B資源、容器包装プラ,集合住宅等の専用,029-F-2,139.445167,35.50458613
中央林間内山  15,総合,大和市中央林間8-16-17  グランパレ中央林間,,,回収地区1,A資源-毎月1・3回目木<BR>B資源-毎月2・4回目木<BR>容器包装プラ-毎週火,A資源、B資源、容器包装プラ,集合住宅等の専用,011-A-10,139.4510069,35.51004569
中央林間内山  13,総合,大和市中央林間8-13-15  バーナルハウス,,,回収地区1,A資源-毎月1・3回目木<br>B資源-毎月2・4回目木<br>容器包装プラ-毎週火,A資源、B資源、容器包装プラ,集合住宅等の専用,021-D-1,139.4530488,35.50954754
中央林間内山  17,総合,大和市中央林間8-25-40  ライオンズプラザ中央林間,,,回収地区1,A資源-毎月1・3回目木<br>B資源-毎月2・4回目木<br>容器包装プラ-毎週火,A資源、B資源、容器包装プラ,集合住宅等の専用,020-F-2,139.4494993,35.50890112
中央林間内山  10,総合,大和市中央林間8-13-20  モア・クレストヒルズガーデン,,,回収地区1,A資源-毎月1・3回目木<br>B資源-毎月2・4回目木<br>容器包装プラ-毎週火,A資源、B資源、容器包装プラ,集合住宅等の専用,021-C-2,139.4529365,35.50929596
コーポレート中央林間  1,総合,大和市中央林間8-3-3  コーポレート中央林間,,,回収地区1,A資源-毎月1・3回目木<BR>B資源-毎月2・4回目木<BR>容器包装プラ-毎週火,A資源、B資源、容器包装プラ,集合住宅等の専用,021-A-6,139.451384,35.50730865
中央林間内山  19,総合,大和市中央林間6-2-1  ヴェルデ中央林間,,,回収地区1,A資源-毎月1・3回目木<BR>B資源-毎月2・4回目木<BR>容器包装プラ-毎週火,A資源、B資源、容器包装プラ,集合住宅等の専用,009-D-9,139.4441327,35.51062593
中央林間内山  16,総合,大和市中央林間6-3-4  セ・パルレ中央林間6番館,,,回収地区1,A資源-毎月1・3回目木<BR>B資源-毎月2・4回目木<BR>容器包装プラ-毎週火,A資源、B資源、容器包装プラ,集合住宅等の専用,009-G-9,139.4454936,35.51038594
中央林間内山  14,総合,大和市中央林間6-5-4  セ・パルレ中央林間2番館,,,回収地区1,A資源-毎月1・3回目木<br>B資源-毎月2・4回目木<br>容器包装プラ-毎週火,A資源、B資源、容器包装プラ,集合住宅等の専用,019-H-1,139.4459713,35.50975423
中央林間南  18,総合,大和市中央林間西4-23-1  ライツ中央林間,,,回収地区1,A資源-毎月1・3回目木<br>B資源-毎月2・4回目木<br>容器包装プラ-毎週火,A資源、B資源、容器包装プラ,集合住宅等の専用,028-E-2,139.4399691,35.50424559
中央林間南  17,総合,大和市中央林間1-1-11  パークスクエア中央林間,,,回収地区1,A資源-毎月1・3回目木<BR>B資源-毎月2・4回目木<BR>容器包装プラ-毎週火,A資源、B資源、容器包装プラ,集合住宅等の専用,029-C-8,139.4434794,35.50161854
中央林間南  16,総合,大和市中央林間1-11-17  サーパス中央林間,,,回収地区1,A資源-毎月1・3回目木<BR>B資源-毎月2・4回目木<BR>容器包装プラ-毎週火,A資源、B資源、容器包装プラ,集合住宅等の専用,028-H-8,139.4416363,35.50187597
三ツ和  11,総合,大和市深見東1-4-27  ヴィサージュ大和,,,回収地区8,A資源-毎月2・4回目火<br>B資源-毎月1・3回目火<br>容器包装プラ-毎週金,A資源、B資源、容器包装プラ,集合住宅等の専用,086-E-2,139.4665897,35.47762528
三ツ和  6,総合,大和市大和東3-11-11  日神パレステージ大和東,,,回収地区8,A資源-毎月2・4回目火<BR>B資源-毎月1・3回目火<BR>容器包装プラ-毎週金,A資源、B資源、容器包装プラ,集合住宅等の専用,086-A-10,139.4647621,35.47395113
三ツ和  5,総合,大和市大和東3-12-1  メゾンベール壱番館,,,回収地区8,A資源-毎月2・4回目火;br;B資源-毎月1・3回目火;br;容器包装プラ-毎週金,A資源、B資源、容器包装プラ,集合住宅等の専用,085-H-9,139.4640817,35.47419986
三ツ和  8,総合,大和市大和東3-12-11  ロンシャンパレス,,,回収地区8,A資源-毎月2・4回目火<BR>B資源-毎月1・3回目火<BR>容器包装プラ-毎週金,A資源、B資源、容器包装プラ,集合住宅等の専用,086-A-7,139.4643602,35.47517741
三ツ和  3,総合,大和市大和東3-12-14  メディウス大和,,,回収地区8,A資源-毎月2・4回目火<BR>B資源-毎月1・3回目火<BR>容器包装プラ-毎週金,A資源、B資源、容器包装プラ,集合住宅等の専用,086-A-7,139.4647514,35.47529961
三ツ和  7,総合,大和市大和東3-12-21  サーパス大和,,,回収地区8,A資源-毎月2・4回目火<br>B資源-毎月1・3回目火<br>容器包装プラ-毎週金,A資源、B資源、容器包装プラ,集合住宅等の専用,086-B-8,139.465198,35.47475647
山王原  14,総合,大和市下鶴間2782-14  プロミネンス市川パート1,,,回収地区6,A資源-毎月2・4回目水<BR>B資源-毎月1・3回目水<BR>容器包装プラ-毎週木,A資源、B資源、容器包装プラ,集合住宅等の専用,048-A-8,139.4555672,35.49276424
山王原  7,総合,大和市下鶴間2786-4  南林間パークホームズ,,,回収地区6,A資源-毎月2・4回目水;br;B資源-毎月1・3回目水;br;容器包装プラ-毎週木,A資源、B資源、容器包装プラ,集合住宅等の専用,048-A-6,139.4558806,35.49391853
山谷  7,総合,大和市下鶴間2129-3  ライオンズマンションつきみ野第2,,,回収地区2,A資源-毎月2・4回目木<BR>B資源-毎月1・3回目木<BR>容器包装プラ-毎週火,A資源、B資源、容器包装プラ,集合住宅等の専用,034-C-6,139.4656681,35.50260779
山谷  4,総合,大和市下鶴間2135  ライオンズマンションつきみ野の森,,,回収地区2,A資源-毎月2・4回目木<BR>B資源-毎月1・3回目木<BR>容器包装プラ-毎週火,A資源、B資源、容器包装プラ,集合住宅等の専用,034-B-5,139.4649646,35.50309416
市営つきみ野住宅  1,総合,大和市つきみ野5-3  市営つきみ野住宅2号,,,回収地区2,A資源-毎月2・4回目木<BR>B資源-毎月1・3回目木<BR>容器包装プラ-毎週火,A資源、B資源、容器包装プラ,集合住宅等の専用,011-G-10,139.4544896,35.50992796
市営つきみ野住宅  2,総合,大和市つきみ野5-3  市営つきみ野住宅4号,,,回収地区2,A資源-毎月2・4回目木<BR>B資源-毎月1・3回目木<BR>容器包装プラ-毎週火,A資源、B資源、容器包装プラ,集合住宅等の専用,011-G-9,139.4542056,35.51049527
上草柳西  17,総合,大和市上草柳94-3  コンフォート緑野,,,回収地区5,A資源-毎月1・3回目水<BR>B資源-毎月2・4回目水<BR>容器包装プラ-毎週木,A資源、B資源、容器包装プラ,集合住宅等の専用,089-E-8,139.4446808,35.47036772
上福田  4,総合,大和市福田2-14  セントヒルズ桜ヶ丘,,,回収地区9,A資源-毎月1・3回目金<BR>B資源-毎月2・4回目金<BR>容器包装プラ-毎週土,A資源、B資源、容器包装プラ,集合住宅等の専用,129-H-3,139.4640398,35.45005801
中央林間南  15,総合,大和市中央林間3-6-1  中央林間パークホームズ,,,回収地区1,A資源-毎月1・3回目木<BR>B資源-毎月2・4回目木<BR>容器包装プラ-毎週火,A資源、B資源、容器包装プラ,集合住宅等の専用,019-C-9,139.4437203,35.50596513
中央林間北  13,総合,大和市中央林間4-15  シティハウス中央林間イーストタワー,,,回収地区1,A資源-毎月1・3回目木<BR>B資源-毎月2・4回目木<BR>容器包装プラ-毎週火,A資源、B資源、容器包装プラ,集合住宅等の専用,019-H-3,139.4463135,35.5086709
中央林間北  12,総合,大和市中央林間4-14  シティハウス中央林間ウエストタワー,,,回収地区1,A資源-毎月1・3回目木<br>B資源-毎月2・4回目木<br>容器包装プラ-毎週火,A資源、B資源、容器包装プラ,集合住宅等の専用,019-H-3,139.4461305,35.50884483
中央林間北  3,総合,大和市中央林間4-7-12  東急ドエル中央林間エクシードA棟,,,回収地区1,A資源-毎月1・3回目木<BR>B資源-毎月2・4回目木<BR>容器包装プラ-毎週火,A資源、B資源、容器包装プラ,集合住宅等の専用,019-E-8,139.4447815,35.50635088
中央林間北  8,総合,大和市中央林間4-7-3  東急ドエルアルス中央林間,,,回収地区1,A資源-毎月1・3回目木<br>B資源-毎月2・4回目木<br>容器包装プラ-毎週火,A資源、B資源、容器包装プラ,集合住宅等の専用,019-E-9,139.4448416,35.50591413
中央林間北  9,総合,大和市中央林間4-8-15  ライオンズステージ中央林間,,,回収地区1,A資源-毎月1・3回目木<br>B資源-毎月2・4回目木<br>容器包装プラ-毎週火,A資源、B資源、容器包装プラ,集合住宅等の専用,019-F-10,139.4454129,35.50550369
中央林間北  10,総合,大和市中央林間4-6-20  ライオンズステーションプラザ中央林間,,,回収地区1,A資源-毎月1・3回目木<br>B資源-毎月2・4回目木<br>容器包装プラ-毎週火,A資源、B資源、容器包装プラ,集合住宅等の専用,019-E-7,139.4447056,35.50696961
中央林間北  4,総合,大和市中央林間4-2  東急ドエル中央林間エクシードB棟,,,回収地区1,A資源-毎月1・3回目木<BR>B資源-毎月2・4回目木<BR>容器包装プラ-毎週火,A資源、B資源、容器包装プラ,集合住宅等の専用,019-E-9,139.444674,35.50608735
長堀  10,総合,大和市下鶴間2-11-29  マイキャッスル大和パークサイド,,,回収地区6,A資源-毎月2・4回目水<BR>B資源-毎月1・3回目水<BR>容器包装プラ-毎週木,A資源、B資源、容器包装プラ,集合住宅等の専用,059-E-1,139.4623825,35.49121955
長堀  6,総合,大和市下鶴間2767-5  ハイホーム鶴間ブロードタウン,,,回収地区6,A資源-毎月2・4回目水<br>B資源-毎月1・3回目水<br>容器包装プラ-毎週木,A資源、B資源、容器包装プラ,集合住宅等の専用,049-D-8,139.4617951,35.49303383
長堀  11,総合,大和市下鶴間2772-11  ナイスアーバン南林間2,,,回収地区6,A資源-毎月2・4回目水<BR>B資源-毎月1・3回目水<BR>容器包装プラ-毎週木,A資源、B資源、容器包装プラ,集合住宅等の専用,048-F-6,139.4581015,35.49363275
長堀  5,総合,大和市下鶴間2774-2  モアグランデ南林間,,,回収地区6,A資源-毎月2・4回目水<br>B資源-毎月1・3回目水<br>容器包装プラ-毎週木,A資源、B資源、容器包装プラ,集合住宅等の専用,048-H-7,139.4593331,35.49375018
長堀  7,総合,大和市下鶴間2776-1  大和ハイデンス,,,回収地区6,A資源-毎月2・4回目水<br>B資源-毎月1・3回目水<br>容器包装プラ-毎週木,A資源、B資源、容器包装プラ,集合住宅等の専用,048-H-9,139.4594195,35.49238294
島津  7,総合,大和市深見東2-1-18  大和瓦工業（株）,,,回収地区6,A資源-毎月2・4回目水<BR>B資源-毎月1・3回目水<BR>容器包装プラ-毎週木,A資源、B資源、容器包装プラ,集合住宅等の専用,078-B-2,139.46481,35.48189367
鶴間二丁目  6,総合,大和市鶴間2-10-17  ライオンズステーションプラザ鶴間,,,回収地区6,A資源-毎月2・4回目水<BR>B資源-毎月1・3回目水<BR>容器包装プラ-毎週木,A資源、B資源、容器包装プラ,集合住宅等の専用,057-C-3,139.4524811,35.49076543
鶴間台  10,総合,大和市鶴間1-27  L・ヴィアーレシティ,,,回収地区6,A資源-毎月2・4回目水<br>B資源-毎月1・3回目水<br>容器包装プラ-毎週木,A資源、B資源、容器包装プラ,集合住宅等の専用,058-B-7,139.4561892,35.48882485
鶴間台  12,総合,大和市鶴間1-19-5  クリオ鶴間 弐番館,,,回収地区6,A資源-毎月2・4回目水<BR>B資源-毎月1・3回目水<BR>容器包装プラ-毎週木,A資源、B資源、容器包装プラ,集合住宅等の専用,065-G-1,139.4546352,35.48693386
鶴間新町  10,総合,大和市中央林間西1-13-6  コトー中央林間,,,回収地区1,A資源-毎月1・3回目木<BR>B資源-毎月2・4回目木<BR>容器包装プラ-毎週火,A資源、B資源、容器包装プラ,集合住宅等の専用,029-A-10,139.4423757,35.50082426
鶴間新町  12,総合,大和市中央林間西5-1-25  中央林間ガーデニア,,,回収地区1,A資源-毎月1・3回目木<br>B資源-毎月2・4回目木<br>容器包装プラ-毎週火,A資源、B資源、容器包装プラ,集合住宅等の専用,028-A-9,139.4379528,35.50130806
鶴間新町  11,総合,大和市中央林間西5-2-7  Jcity中央林間,,,回収地区1,A資源-毎月1・3回目木<BR>B資源-毎月2・4回目木<BR>容器包装プラ-毎週火,A資源、B資源、容器包装プラ,集合住宅等の専用,027-H-9,139.4372857,35.50155292
鶴間新町  13,総合,大和市中央林間西6-10-52　ライオンズマンション中央林間第6,,,回収地区1,A資源-毎月1・3回目木<BR>B資源-毎月2・4回目木<BR>容器包装プラ-毎週火,A資源、B資源、容器包装プラ,集合住宅等の専用,025-D-4,139.430974,35.50343365
相模大塚北  7,総合,大和市桜森3-16-19  ガーデンホームズ相模大塚,,,回収地区5,A資源-毎月1・3回目水<BR>B資源-毎月2・4回目水<BR>容器包装プラ-毎週木,A資源、B資源、容器包装プラ,集合住宅等の専用,080-A-9,139.437935,35.47465302
長堀  13,総合,大和市下鶴間2-8-11  YBBC,,,回収地区6,A資源-毎月2・4回目水<BR>B資源-毎月1・3回目水<BR>容器包装プラ-毎週木,A資源、B資源、容器包装プラ,集合住宅等の専用,049-D-10,139.4620717,35.49183923
長堀  12,総合,大和市下鶴間2-11-1  ラブリハイツ鶴間,,,回収地区6,A資源-毎月2・4回目水<BR>B資源-毎月1・3回目水<BR>容器包装プラ-毎週木,A資源、B資源、容器包装プラ,集合住宅等の専用,049-E-10,139.4622325,35.49197889
長堀  14,総合,大和市下鶴間2-9-15  クリオ鶴間壱番館,,,回収地区6,A資源-毎月2・4回目水<br>B資源-毎月1・3回目水<br>容器包装プラ-毎週木,A資源、B資源、容器包装プラ,集合住宅等の専用,049-D-9,139.461994,35.4923892
長堀  15,総合,大和市下鶴間2771-7  南林間パークホームズ,,,回収地区6,A資源-毎月2・4回目水<BR>B資源-毎月1・3回目水<BR>容器包装プラ-毎週木,A資源、B資源、容器包装プラ,集合住宅等の専用,048-F-4,139.4581657,35.49446191
プリムローズ大和  1,総合,大和市深見西2-4-19  プリムローズ大和,,,回収地区8,A資源-毎月2・4回目火<br>B資源-毎月1・3回目火<br>容器包装プラ-毎週金,A資源、B資源、容器包装プラ,集合住宅等の専用,085-H-2,139.4637913,35.47725155
一之関  13,総合,大和市深見西4-34  アーバンライフ鶴間,,,回収地区6,A資源-毎月2・4回目水<BR>B資源-毎月1・3回目水<BR>容器包装プラ-毎週木,A資源、B資源、容器包装プラ,集合住宅等の専用,065-G-7,139.4544102,35.48414524
鶴間台  13,総合,大和市鶴間1-17-1  市営鶴間台住宅,,,回収地区6,A資源-毎月2・4回目水<br>B資源-毎月1・3回目水<br>容器包装プラ-毎週木,A資源、B資源、容器包装プラ,集合住宅等の専用,065-E-3,139.4533478,35.48613838
中央二・三丁目  18,総合,大和市中央2-4-14  全広社第二ビル,,,回収地区7,A資源-毎月1・3回目火<BR>B資源-毎月2・4回目火<BR>容器包装プラ-毎週金,A資源、B資源、容器包装プラ,集合住宅等の専用,092-H-7,139.4596079,35.47086562
下和田  5,総合,大和市下和田752  エスト・グランディール大和南,,,回収地区10,A資源-毎月2・4回目金<br>B資源-毎月1・3回目金<br>容器包装プラ-毎週土,A資源、B資源、容器包装プラ,集合住宅等の専用,166-E-8,139.4670526,35.42552394
海上自衛隊大和宿舎  1,総合,大和市福田4417-2  海上自衛隊大和宿舎B棟,,,回収地区9,A資源-毎月1・3回目金<BR>B資源-毎月2・4回目金<BR>容器包装プラ-毎週土,A資源、B資源、容器包装プラ,集合住宅等の専用,134-F-2,139.4584516,35.44587712
海上自衛隊大和宿舎  2,総合,大和市福田4417-2  海上自衛隊大和宿舎D棟,,,回収地区9,A資源-毎月1・3回目金<BR>B資源-毎月2・4回目金<BR>容器包装プラ-毎週土,A資源、B資源、容器包装プラ,集合住宅等の専用,134-F-1,139.4584248,35.446571
海上自衛隊大和宿舎  3,総合,大和市福田4417-2  海上自衛隊大和宿舎G棟,,,回収地区9,A資源-毎月1・3回目金<BR>B資源-毎月2・4回目金<BR>容器包装プラ-毎週土,A資源、B資源、容器包装プラ,集合住宅等の専用,128-G-8,139.4589927,35.44768384
海上自衛隊大和宿舎  4,総合,大和市福田4417-2  海上自衛隊大和宿舎J棟,,,回収地区9,A資源-毎月1・3回目金<BR>B資源-毎月2・4回目金<BR>容器包装プラ-毎週土,A資源、B資源、容器包装プラ,集合住宅等の専用,128-H-10,139.4598018,35.44671941
鶴間新町  21,総合,大和市中央林間西6-8　大ちゃん公園前,,,回収地区1,A資源-毎月1・3回目木<BR>B資源-毎月2・4回目木<BR>容器包装プラ-毎週火,A資源、B資源、容器包装プラ,集合住宅等の専用,027-A-4,139.4333797,35.50338571
善光明  10,総合,大和市福田2363-4  アデニウム大和桜ヶ丘,,,回収地区10,A資源-毎月2・4回目金<BR>B資源-毎月1・3回目金<BR>容器包装プラ-毎週土,A資源、B資源、容器包装プラ,集合住宅等の専用,144-C-2,139.4659475,35.44152201
中央五丁目  10,総合,大和市中央5-2-27  リガ-レ大和ステーションプラザ,,,回収地区7,A資源-毎月1・3回目火<BR>B資源-毎月2・4回目火<BR>容器包装プラ-毎週金,A資源、B資源、容器包装プラ,集合住宅等の専用,102-H-2,139.4595169,35.46843048
深見中原  9,総合,大和市深見西2-7-47  レクセルガーデン大和,,,回収地区8,A資源-毎月2・4回目火<br>B資源-毎月1・3回目火<br>容器包装プラ-毎週金,A資源、B資源、容器包装プラ,集合住宅等の専用,085-C-1,139.4616045,35.47790712
中央四丁目  8,総合,大和市中央4-3-11  ネオスアクシア大和駅前,,,回収地区7,A資源-毎月1・3回目火<br>B資源-毎月2・4回目火<br>容器包装プラ-毎週金,A資源、B資源、容器包装プラ,集合住宅等の専用,102-H-1,139.4593248,35.46882718
中央二・三丁目  21,総合,大和市中央2-1-9  藤和シティホームズ大和,,,回収地区7,A資源-毎月1・3回目火<BR>B資源-毎月2・4回目火<BR>容器包装プラ-毎週金,A資源、B資源、容器包装プラ,集合住宅等の専用,092-H-8,139.4597044,35.47047722
鶴間新町  22,総合,大和市中央林間西6-8-23　ファーネスト中央林間,,,回収地区1,A資源-毎月1・3回目木<br>B資源-毎月2・4回目木<br>容器包装プラ-毎週火,A資源、B資源、容器包装プラ,集合住宅等の専用,027-C-4,139.4345204,35.5037642
長堀  16,総合,大和市下鶴間2775-5  グランディ大和,,,回収地区6,A資源-毎月2・4回目水<BR>B資源-毎月1・3回目水<BR>容器包装プラ-毎週木,A資源、B資源、容器包装プラ,集合住宅等の専用,049-A-7,139.4602339,35.49338405
鶴間台  11,総合,大和市鶴間1-20-5  Dレスティア鶴間,,,回収地区6,A資源-毎月2・4回目水<BR>B資源-毎月1・3回目水<BR>容器包装プラ-毎週木,A資源、B資源、容器包装プラ,集合住宅等の専用,066-A-1,139.4557925,35.48713027
三ツ和  16,総合（A・B資源のみ）,大和市深見東1-1-21  グランドステージ大和,,,回収地区8,A資源-毎月2・4回目火<br>B資源-毎月1・3回目火,A資源、B資源,集合住宅等の専用,086-C-2、容器包装プラの回収はありません,139.4657254,35.47735179
大和東伸和 6,総合,大和市大和東1-12-25  ルネ大和,,,回収地区8,A資源-毎月2・4回目火<BR>B資源-毎月1・3回目火<BR>容器包装プラ-毎週金,A資源、B資源、容器包装プラ,集合住宅等の専用,094-F-9,139.4675109,35.46989265
桜ヶ丘  20,総合,大和市福田5690-1  ライオンズ大和セントマークス,,,回収地区10,A資源-毎月2・4回目金<BR>B資源-毎月1・3回目金<BR>容器包装プラ-毎週土,A資源、B資源、容器包装プラ,集合住宅等の専用,116-F-5,139.4670054,35.45784351
南林間東南  14,総合,大和市林間1-3-22  ナイスエスアリーナ南林間,,,回収地区4,A資源-毎月2・4回目月<BR>B資源-毎月1・3回目月<BR>容器包装プラ-毎週水,A資源、B資源、容器包装プラ,集合住宅等の専用,046-E-3,139.4491537,35.49522538
大和東三丁目  12,総合,大和市深見西2-1-34  セントラルコート大和深見西,,,回収地区8,A資源-毎月2・4回目火<BR>B資源-毎月1・3回目火<BR>容器包装プラ-毎週金,A資源、B資源、容器包装プラ,集合住宅等の専用,085-F-8,139.4630422,35.47503336
南林間東南  15,総合,大和市林間1-13-6  グラード南林間,,,回収地区4,A資源-毎月2・4回目月<BR>B資源-毎月1・3回目月<BR>容器包装プラ-毎週水,A資源、B資源、容器包装プラ,集合住宅等の専用,047-A-4,139.4512088,35.49444989
中央林間北  15,総合,大和市中央林間4-9-13  パークハウス中央林間,,,回収地区1,A資源-毎月1・3回目木<BR>B資源-毎月2・4回目木<BR>容器包装プラ-毎週火,A資源、B資源、容器包装プラ,集合住宅等の専用,019-G-10,139.4458689,35.5057208
中央林間内山  33,総合,大和市中央林間6-1-5,,,回収地区1,A資源-毎月1・3回目木<BR>B資源-毎月2・4回目木<BR>容器包装プラ-毎週火,A資源、B資源、容器包装プラ,集合住宅等の専用,009-E-10,139.4444274,35.50982732
鶴間二丁目  7,総合,大和市鶴間2-1-24  エスポルタ,,,回収地区6,A資源-毎月2・4回目水<br>B資源-毎月1・3回目水<br>容器包装プラ-毎週木,A資源、B資源、容器包装プラ,集合住宅等の専用,057-A-4,139.4511897,35.49022776
大和原  10,総合,大和市下鶴間2-12-27　クレストフォルム鶴間オークガーデン,,,回収地区6,A資源-毎月2・4回目水<BR>B資源-毎月1・3回目水<BR>容器包装プラ-毎週木,A資源、B資源、容器包装プラ,集合住宅等の専用,059-F-6,139.4629398,35.48915538
中央二・三丁目  23,総合,大和市中央3-5-4  イニシア大和中央,,,回収地区7,A資源-毎月1・3回目火<br>B資源-毎月2・4回目火<br>容器包装プラ-毎週金,A資源、B資源、容器包装プラ,集合住宅等の専用,092-D-5,139.4575945,35.47157422
ドミールシャルマン 1,総合,大和市西鶴間3-3-4　ドミールシャルマンI・II,,,回収地区5,A資源-毎月1・3回目水<BR>B資源-毎月2・4回目水<BR>容器包装プラ-毎週木,A資源、B資源、容器包装プラ,集合住宅等の専用,057-A-8,139.45164,35.48832154
つきみ野  234,総合,大和市つきみ野1-1-1　ワコーレつきみ野,,,回収地区2,A資源-毎月2・4回目木<BR>B資源-毎月1・3回目木<BR>容器包装プラ-毎週火,A資源、B資源、容器包装プラ,集合住宅等の専用,031-G-8,139.4545542,35.50201596
南林間東南  18,総合,大和市林間1-2-5  ブリリア南林間ハイライズ,,,回収地区4,A資源-毎月2・4回目月<BR>B資源-毎月1・3回目月<BR>容器包装プラ-毎週水,A資源、B資源、容器包装プラ,集合住宅等の専用,046-E-6,139.4491912,35.49375034
大和南第六  1,総合,大和市大和南2-4-8  グランシーナ大和プレミアムフォート,,,回収地区8,A資源-毎月2・4回目火<br>B資源-毎月1・3回目火<br>容器包装プラ-毎週金,A資源、B資源、容器包装プラ,集合住宅等の専用,104-C-4,139.4655818,35.46766117
深見中原  10,総合,大和市深見西3-1-15  シュロス大和ブリージア,,,回収地区8,A資源-毎月2・4回目火<BR>B資源-毎月1・3回目火<BR>容器包装プラ-毎週金,A資源、B資源、容器包装プラ,集合住宅等の専用,076-F-9,139.4581235,35.4787863
つきみ野  238,総合,大和市つきみ野3-2-1  ルナパレスつきみ野A・B,,,回収地区2,A資源-毎月2・4回目木<BR>B資源-毎月1・3回目木<BR>容器包装プラ-毎週火,A資源、B資源、容器包装プラ,集合住宅等の専用,021-H-10,139.4548784,35.50537599
桜森  14,総合,大和市桜森2-15-20  ビジュ桜森,,,回収地区5,A資源-毎月1・3回目水<br>B資源-毎月2・4回目水<br>容器包装プラ-毎週木,A資源、B資源、容器包装プラ,集合住宅等の専用,088-B-10,139.438096,35.46931826
南林間東南  19,総合,大和市林間1-10-5  エスポワール南林間,,,回収地区4,A資源-毎月2・4回目月<BR>B資源-毎月1・3回目月<BR>容器包装プラ-毎週水,A資源、B資源、容器包装プラ,集合住宅等の専用,046-G-4,139.4501128,35.49464063
大和南第三  5,総合,大和市大和南2-2-4  イニシア大和南,,,回収地区8,A資源-毎月2・4回目火<br>B資源-毎月1・3回目火<br>容器包装プラ-毎週金,A資源、B資源、容器包装プラ,集合住宅等の専用,103-H-2,139.4637395,35.46838844
コスモ大和  2,総合（A・B資源のみ）,大和市中央4-14-15  コスモ大和スターアベニュー中央7号公園,,,回収地区7,A資源-毎月1・3回目火<br>B資源-毎月2・4回目火,A資源、B資源,集合住宅等の専用,091-H-10、容器包装プラの回収はありません,139.4551338,35.46929871
中央二・三丁目  24,総合,大和市中央2-14-12  ホーユウコンフォルト大和中央,,,回収地区7,A資源-毎月1・3回目火<br>B資源-毎月2・4回目火<br>容器包装プラ-毎週金,A資源、B資源、容器包装プラ,集合住宅等の専用,092-C-3,139.4571177,35.47271538
ラポール中央林間  1,総合,大和市下鶴間1779-5  ラポール中央林間,,,回収地区4,A資源-毎月2・4回目月<BR>B資源-毎月1・3回目月<BR>容器包装プラ-毎週水,A資源、B資源、容器包装プラ,集合住宅等の専用<BR>R7南林間東北自治会から脱退<BR>南林間東北15から名称変更,038-H-1,139.4508586,35.50040301
つきみ野  205,小規模,大和市つきみ野2-4-1  グリーンヒル3敷地内,,,回収地区2,A資源-毎月2・4回目木<br>容器包装プラ-毎週火,A資源、容器包装プラ,集合住宅等の専用,023-C-10、B資源の回収はありません,139.4613199,35.50521304
コーポ下鶴間  2,小規模,大和市西鶴間2-26  コーポ下鶴間6号,,,回収地区3,A資源-毎月1・3回目月<BR>容器包装プラ-毎週水,A資源、容器包装プラ,集合住宅等の専用,055-G-10、B資源の回収はありません,139.4457946,35.48730021
コーポ下鶴間  3,小規模,大和市西鶴間2-26  コーポ下鶴間8号,,,回収地区3,A資源-毎月1・3回目月<BR>容器包装プラ-毎週水,A資源、容器包装プラ,集合住宅等の専用,056-A-10、B資源の回収はありません,139.4469465,35.48730896
コーポ下鶴間  4,小規模,大和市西鶴間2-26  コーポ下鶴間2号,,,回収地区3,A資源-毎月1・3回目月<BR>容器包装プラ-毎週水,A資源、容器包装プラ,集合住宅等の専用,063-E-1、B資源の回収はありません,139.4450927,35.48695106
コーポ下鶴間  5,小規模,大和市西鶴間2-26  コーポ下鶴間3号,,,回収地区3,A資源-毎月1・3回目月<BR>容器包装プラ-毎週水,A資源、容器包装プラ,集合住宅等の専用,063-F-2、B資源の回収はありません,139.445141,35.48629646
相鉄コープ  2,小規模,大和市上和田181  相鉄コープ南瀬谷3号棟西側,,,回収地区10,容器包装プラ-毎週土,容器包装プラ,集合住宅等の専用,117-F-4、A資源、B資源の回収はありません,139.4717445,35.45872854
相鉄コープ  3,小規模,大和市上和田181  相鉄コープ南瀬谷2号棟東側,,,回収地区10,容器包装プラ-毎週土,容器包装プラ,集合住宅等の専用,118-A-3、A資源、B資源の回収はありません,139.47333,35.45898271
大和東三丁目  9,小規模（容器包装プラのみ）,大和市深見西2-3-7  サンクレスト大和,,,回収地区8,容器包装プラ-毎週金,容器包装プラ,集合住宅等の専用,085-H-5、A・B資源の回収はありません,139.4641887,35.47619859
大和東三丁目  10,小規模（容器包装プラのみ）,大和市深見西2-3-6  サンクレスト大和2,,,回収地区8,容器包装プラ-毎週金,容器包装プラ,集合住宅等の専用,085-H-5、A・B資源の回収はありません,139.4641995,35.47598911
中央二・三丁目  17,小規模,大和市中央3-3-18  大和ダイヤモンドマンション,,,回収地区7,A資源-毎月1・3回目火<BR>容器包装プラ-毎週金,A資源、容器包装プラ,集合住宅等の専用,091-G-6、B資源の回収はありません,139.4547144,35.47112906
長堀  9,小規模,大和市下鶴間2771-6  ハイム下鶴間,,,回収地区6,A資源-毎月2・4回目水<BR>容器包装プラ-毎週木,A資源、容器包装プラ,集合住宅等の専用<BR>R7.4.2全戸退去の為廃止,048-G-4、B資源の回収はありません,139.4586694,35.49465395
中央二・三丁目  19,小規模,大和市中央2-3-18  グレイス大和シティコア,,,回収地区7,A資源-毎月1・3回目火<BR>容器包装プラ-毎週金,A資源、容器包装プラ,集合住宅等の専用,092-G-7、B資源の回収はありません,139.4588525,35.4709136
つきみ野  236,小規模,大和市つきみ野5-12-1  メゾンアイズ,,,回収地区2,A資源-毎月2・4回目木<br>容器包装プラ-毎週火,A資源、容器包装プラ,集合住宅等の専用,012-E-3、B資源の回収はありません,139.4576944,35.51308086
つきみ野  142,小規模,大和市つきみ野6-1-3  コーポ古木,,,回収地区2,A資源-毎月2・4回目木;br;容器包装プラ-毎週火,A資源、容器包装プラ,集合住宅等の専用,011-C-7、B資源の回収はありません,139.4522553,35.51132002
西鶴間小田急  7,小規模,大和市西鶴間4-5-21  セザール鶴間,,,回収地区5,A資源-毎月1・3回目水<BR>容器包装プラ-毎週木,A資源、容器包装プラ,集合住宅等の専用,064-A-3、B資源の回収はありません,139.4466626,35.48624413
一之関  12,総合,大和市深見西8-10-31  レックス大和アークコート,,,回収地区6,A資源-毎月2・4回目水<BR>B資源-毎月1・3回目水<BR>容器包装プラ-毎週木,A資源、B資源、容器包装プラ,集合住宅等の専用,059-G-9,139.4635185,35.48774144
海上自衛隊大和宿舎  5,小規模,大和市福田4417-2  海上自衛隊大和宿舎A棟,,,回収地区9,A資源-毎月1・3回目金<BR>容器包装プラ-毎週土,A資源、容器包装プラ,集合住宅等の専用,134-F-3、B資源の回収はありません,139.4584677,35.44549308
海上自衛隊大和宿舎  6,小規模,大和市福田4417-2  海上自衛隊大和宿舎C棟,,,回収地区9,A資源-毎月1・3回目金<BR>容器包装プラ-毎週土,A資源、容器包装プラ,集合住宅等の専用,134-F-1、B資源の回収はありません,139.4584409,35.44616951
海上自衛隊大和宿舎  10,小規模,大和市福田4417-2  海上自衛隊大和宿舎I棟,,,回収地区9,A資源-毎月1・3回目金<BR>容器包装プラ-毎週土,A資源、容器包装プラ,集合住宅等の専用,134-H-1、B資源の回収はありません,139.4597482,35.44645321
海上自衛隊大和宿舎  7,小規模,大和市福田4417-2  海上自衛隊大和宿舎E棟,,,回収地区9,A資源-毎月1・3回目金<BR>容器包装プラ-毎週土,A資源、容器包装プラ,集合住宅等の専用,128-G-9、B資源の回収はありません,139.4589445,35.44722126
海上自衛隊大和宿舎  8,小規模,大和市福田4417-2  海上自衛隊大和宿舎H棟,,,回収地区9,A資源-毎月1・3回目金<BR>容器包装プラ-毎週土,A資源、容器包装プラ,集合住宅等の専用,128-G-7、B資源の回収はありません,139.458982,35.44795005
海上自衛隊大和宿舎  9,小規模,大和市福田4417-2  海上自衛隊大和宿舎K棟,,,回収地区9,A資源-毎月1・3回目金<BR>容器包装プラ-毎週土,A資源、容器包装プラ,集合住宅等の専用,128-H-10、B資源の回収はありません,139.4596517,35.44705108
山王原  20,小規模,大和市下鶴間2785-34  ナイスアーバン南林間,,,回収地区6,A資源-毎月2・4回目水<BR>容器包装プラ-毎週木,A資源、容器包装プラ,集合住宅等の専用,048-C-7、B資源の回収はありません,139.4567566,35.49353234
山王原  21,小規模,大和市下鶴間2785-34  ナイスアーバン鶴間,,,回収地区6,A資源-毎月2・4回目水<BR>容器包装プラ-毎週木,A資源、容器包装プラ,集合住宅等の専用,048-B-7、B資源の回収はありません,139.4563208,35.49354092
山王原  18,小規模,大和市下鶴間2788  カーサ山王,,,回収地区6,A資源-毎月2・4回目水<BR>容器包装プラ-毎週木,A資源、容器包装プラ,集合住宅等の専用,048-D-3、B資源の回収はありません,139.4575335,35.49528234
山王原  19,小規模,大和市下鶴間2949-1  リッツハウス,,,回収地区6,A資源-毎月2・4回目水<BR>容器包装プラ-毎週木,A資源、容器包装プラ,集合住宅等の専用,048-F-2、B資源の回収はありません,139.4583211,35.4954831
西鶴間小田急  5,小規模,大和市西鶴間4-5-23  サンケイパレス鶴間,,,回収地区5,A資源-毎月1・3回目水<BR>容器包装プラ-毎週木,A資源、容器包装プラ,集合住宅等の専用,063-H-2、B資源の回収はありません,139.4465662,35.48645797
西鶴間小田急  6,小規模,大和市西鶴間4-3-18,,,回収地区5,A資源-毎月1・3回目水<BR>容器包装プラ-毎週木,A資源、容器包装プラ,集合住宅等の専用,064-B-2、B資源の回収はありません,139.4474502,35.48638817
大和東三丁目  11,小規模（容器包装プラのみ）,大和市大和東3-6-7  グラッセ大和,,,回収地区8,容器包装プラ-毎週金,容器包装プラ,集合住宅等の専用,093-H-3、A・B資源の回収はありません,139.4640335,35.47258953
桜森  13,小規模,大和市桜森2-16-9  ヴィクトリアパーク,,,回収地区5,A資源-毎月1・3回目水<BR>容器包装プラ-毎週木,A資源、容器包装プラ,集合住宅等の専用,098-Ｂ-1、B資源の回収はありません,139.4386318,35.46863067
上草柳東  6,小規模（容器包装プラのみ）,大和市上草柳4-4-31　カサグランデY.F.S,,,回収地区7,容器包装プラ-毎週金,容器包装プラ,集合住宅等の専用,084-A-1、A・B資源の回収はありません,139.4557928,35.47812727
つきみ野  237,小規模,大和市つきみ野6-1-5,,,回収地区2,A資源-毎月2・4回目木<br>容器包装プラ-毎週火,A資源、容器包装プラ,集合住宅等の専用,011-C-6、B資源の回収はありません,139.4523115,35.51195605
コスモ大和  3,小規模（容器包装プラのみ）,大和市中央4-13-23  コスモ大和スターアベニュー3号棟,,,回収地区7,容器包装プラ-毎週金,容器包装プラ,集合住宅等の専用,101-G-2、A・B資源の回収はありません,139.4548556,35.46846963
つきみ野  240,総合,大和市つきみ野1-2-2  エスポワール前,,,回収地区2,A資源-毎月2・4回目木<BR>B資源-毎月1・3回目木<BR>容器包装プラ-毎週火,A資源、B資源、容器包装プラ,集合住宅等の専用,031-G-3・4,139.4542487,35.50395359
鶴間  6,総合,大和市鶴間1-1-16  センチュリー鶴間,,,回収地区6,A資源-毎月2・4回目水<BR>B資源-毎月1・3回目水<BR>容器包装プラ-毎週木,A資源、B資源、容器包装プラ,集合住宅等の専用,057-B-5,139.4516293,35.48934709
鶴間新町  26,総合,大和市中央林間西6-9-5　中央林間レジデンス,,,回収地区1,A資源-毎月1・3回目木<br>B資源-毎月2・4回目木<br>容器包装プラ-毎週火,A資源、B資源、容器包装プラ,集合住宅等の専用,027-A･B-3,139.4335842,35.50386506
一之関  15,総合,大和市下鶴間2748-4-2  NPO法人ニューライフ大和第2寮駐車場内,,,回収地区6,A資源-毎月2・4回目水<br>B資源-毎月1・3回目水<br>容器包装プラ-毎週木,A資源、B資源、容器包装プラ,集合住宅等の専用,060-A-1,139.4641828,35.49149716
南林間南  12,総合,大和市南林間1-9  リストレジデンス南林間,,,回収地区4,A資源-毎月2・4回目月<BR>B資源-毎月1・3回目月<BR>容器包装プラ-毎週水,A資源、B資源、容器包装プラ,集合住宅等の専用,045-H-3,139.4461425,35.49498528
中央四丁目  9,総合,大和市中央4-3  日神パレステージ大和,,,回収地区7,A資源-毎月1・3回目火<BR>B資源-毎月2・4回目火<BR>容器包装プラ-毎週金,A資源、B資源、容器包装プラ,集合住宅等の専用,102-H-1,139.4597527,35.46866615
鶴間新町  25,小規模,大和市中央林間西5-11-15　アゼリヤ8,,,回収地区1,A資源-毎月1・3回目木<br>容器包装プラ-毎週火,A資源、容器包装プラ,集合住宅等の専用,028-A-5、B資源の回収はありません,139.4378739,35.50330614
山王原  22,小規模,大和市下鶴間2842-4　シャトレービサイド前,,,回収地区6,A資源-毎月2・4回目水<BR>容器包装プラ-毎週木,A資源、容器包装プラ,集合住宅等の専用,049-C-5、B資源の回収はありません,139.461059,35.49420888
鶴間新町  27,総合,大和市中央林間西3-1-3,,,回収地区1,A資源-毎月1・3回目木<br>B資源-毎月2・4回目木<br>容器包装プラ-毎週火,A資源、B資源、容器包装プラ,集合住宅等の専用,035-E･F-5,139.4360153,35.49843403
中央林間内山  34,総合,大和市中央林間8-23-19  リーフィアレジデンス中央林間,,,回収地区1,A資源-毎月1・3回目木<BR>B資源-毎月2・4回目木<BR>容器包装プラ-毎週火,A資源、B資源、容器包装プラ,集合住宅等の専用,020-H-1,139.4505194,35.50946526
南林間西北  26,総合,大和市南林間7-13-4  ルピナス南林間,,,回収地区3,A資源-毎月1・3回目月<BR>B資源-毎月2・4回目月<BR>容器包装プラ-毎週水,A資源、B資源、容器包装プラ,集合住宅等の専用,044-A-10,139.4380844,35.49169895
島津  9,総合,大和市深見東1-786-5  フラットヒル大和I,,,回収地区6,A資源-毎月2・4回目水<br>B資源-毎月1・3回目水<br>容器包装プラ-毎週木,A資源、B資源、容器包装プラ,集合住宅等の専用,078-B・C-9,139.4655755,35.47880672
南林間南  13,総合,大和市南林間1-4-15  ベルドミューレセイワ,,,回収地区4,A資源-毎月2・4回目月<br>B資源-毎月1・3回目月<br>容器包装プラ-毎週水,A資源、B資源、容器包装プラ,集合住宅等の専用,046-C-5,139.4480261,35.49435361
島津  8,総合,大和市深見西2-6-17　ルーチェ・ソラーレ,,,回収地区6,A資源-毎月2・4回目水<br>B資源-毎月1・3回目水<br>容器包装プラ-毎週木,A資源、B資源、容器包装プラ,集合住宅等の専用,078-A-8,139.4642671,35.47938672
大和東三丁目  13,総合,大和市大和東3-1-7  サンクレイドル大和中央通り,,,回収地区8,A資源-毎月2・4回目火<BR>B資源-毎月1・3回目火<BR>容器包装プラ-毎週金,A資源、B資源、容器包装プラ,集合住宅等の専用,093-E-4,139.4625387,35.47204398
中央林間東  11,総合,大和市中央林間2-9-7  モアリッシェル中央林間,,,回収地区4,A資源-毎月2・4回目月<br>B資源-毎月1・3回目月<br>容器包装プラ-毎週水,A資源、B資源、容器包装プラ,集合住宅等の専用,029-G-2,139.4457951,35.5046406
南林間東南  21,総合,大和市林間1-3-25　ベルドミールセイワII,,,回収地区4,A資源-毎月2・4回目月<BR>B資源-毎月1・3回目月<BR>容器包装プラ-毎週水,A資源、B資源、容器包装プラ,集合住宅等の専用,046-E-3・4,139.4494002,35.49491991
南林間東南  20,総合,大和市林間1-13-8  マートルコート南林間,,,回収地区4,A資源-毎月2・4回目月<BR>B資源-毎月1・3回目月<BR>容器包装プラ-毎週水,A資源、B資源、容器包装プラ,集合住宅等の専用,047-A-4,139.4510435,35.49481024
西鶴間小田急  10,総合,大和市西鶴間4-12-36  ナイスパークステイツ鶴間,,,回収地区5,A資源-毎月1・3回目水<br>B資源-毎月2・4回目水<br>容器包装プラ-毎週木,A資源、B資源、容器包装プラ,集合住宅等の専用,063-F-4,139.4454599,35.48594559
文化  6,総合,大和市上草柳8-14-26-1,,,回収地区5,A資源-毎月1・3回目水<br>B資源-毎月2・4回目水<br>容器包装プラ-毎週木,A資源、B資源、容器包装プラ,集合住宅等の専用,074-G-1,139.4499263,35.48264688
中央林間内山  35,総合,大和市中央林間7-5-2  ソルスクエアメイツ中央林間,,,回収地区1,A資源-毎月1・3回目木<br>B資源-毎月2・4回目木<br>容器包装プラ-毎週火,A資源、B資源、容器包装プラ,集合住宅等の専用,031-A-8,139.4518045,35.50236451
南林間東南  22,総合,大和市林間1-3  ラフィネノース・ラフィネサウス,,,回収地区4,A資源-毎月2・4回目月<BR>B資源-毎月1・3回目月<BR>容器包装プラ-毎週水,A資源、B資源、容器包装プラ,集合住宅等の専用,046-D-3,139.4487358,35.49497226
大和東三丁目  14,総合,大和市深見西2-1-30  ルシェンテA～F,,,回収地区8,A資源-毎月2・4回目火<BR>B資源-毎月1・3回目火<BR>容器包装プラ-毎週金,A資源、B資源、容器包装プラ,集合住宅等の専用,085-G-7,139.4637333,35.47539559
中央林間内山  36,総合,大和市中央林間7-5-1　クリオ中央林間,,,回収地区1,A資源-毎月1・3回目木<br>B資源-毎月2・4回目木<br>容器包装プラ-毎週火,A資源、B資源、容器包装プラ,集合住宅等の専用,031-A-7,139.4517907,35.50264608
中央林間東  10,総合,大和市中央林間2-5-15　O-Hive中央林間,,,回収地区4,A資源-毎月2・4回目月<BR>B資源-毎月1・3回目月<BR>容器包装プラ-毎週水,A資源、B資源、容器包装プラ,集合住宅等の専用,029-G-5,139.4457243,35.50307619
中央二・三丁目  20,総合,大和市中央3-8-26  グランディール,,,回収地区7,A資源-毎月1・3回目火;br;B資源-毎月2・4回目火;br;容器包装プラ-毎週金,A資源、B資源、容器包装プラ,集合住宅等の専用,092-D-4,139.4572397,35.47223586
上福田  5,総合,大和市福田2-4-5  ル・コンフォール,,,回収地区9,A資源-毎月1・3回目金<br>B資源-毎月2・4回目金<br>容器包装プラ-毎週土,A資源、B資源、容器包装プラ,集合住宅等の専用,130-B-5,139.4651612,35.44923823
公所  26,総合,大和市下鶴間518-1　ライオンズガーデンつきみ野,,,回収地区2,A資源-毎月2・4回目木<BR>B資源-毎月1・3回目木<BR>容器包装プラ-毎週火,A資源、B資源、容器包装プラ,集合住宅等の専用,012-H-3,139.4593973,35.5130091
つきみ野  49,総合,大和市つきみ野2-2-4  グラツィアつきみ野,,,回収地区2,A資源-毎月2・4回目木<BR>B資源-毎月1・3回目木<BR>容器包装プラ-毎週火,A資源、B資源、容器包装プラ,集合住宅等の専用,033-C-1,139.461155,35.50500987
つきみ野  241,小規模,大和市つきみ野1-6-5,,,回収地区2,A資源-毎月2・4回目木<br>容器包装プラ-毎週火,A資源、容器包装プラ,集合住宅等の専用,032-C-3･4、B資源の回収はありません,139.4567308,35.50374049
つきみ野  242,総合,大和市つきみ野1-15-6  ミレニアムレジデンスつきみ野,,,回収地区2,A資源-毎月2・4回目木<BR>B資源-毎月1・3回目木<BR>容器包装プラ-毎週火,A資源、B資源、容器包装プラ,集合住宅等の専用,033-B-5,139.460885,35.50337574
南林間南  14,総合,大和市西鶴間1-13-2  日神パレステージ南林間,,,回収地区4,A資源-毎月2・4回目月<BR>B資源-毎月1・3回目月<BR>容器包装プラ-毎週水,A資源、B資源、容器包装プラ,集合住宅等の専用,046-C-9,139.4480953,35.49255502
山王原  24,総合,大和市下鶴間2780-11  斉藤美喜雄宅前,,,回収地区6,A資源-毎月2・4回目水<BR>B資源-毎月1・3回目水<BR>容器包装プラ-毎週木,A資源、B資源、容器包装プラ,集合住宅等の専用,048-A-10,139.4560173,35.49186962
南林間南  15,総合,大和市南林間1-11-21  プレシス南林間,,,回収地区4,A資源-毎月2・4回目月<BR>B資源-毎月1・3回目月<BR>容器包装プラ-毎週水,A資源、B資源、容器包装プラ,集合住宅等の専用,046-A-6,139.447032,35.49364991
上和田  22,総合,大和市上和田2733-5  SUI-MI大和南,,,回収地区10,A資源-毎月2・4回目金<BR>B資源-毎月1・3回目金<BR>容器包装プラ-毎週土,A資源、B資源、容器包装プラ,集合住宅等の専用,144-H-3,139.4683961,35.44102458
鶴間二丁目  8,総合,大和市鶴間2-8-21  シティテラス南林間,,,回収地区6,A資源-毎月2・4回目水<BR>B資源-毎月1・3回目水<BR>容器包装プラ-毎週木,A資源、B資源、容器包装プラ,集合住宅等の専用,047-A-9,139.4516613,35.49229282
中央林間東  12,総合,大和市中央林間2-21-12  ナイスエスアリーナ中央林間,,,回収地区4,A資源-毎月2・4回目月<BR>B資源-毎月1・3回目月<BR>容器包装プラ-毎週水,A資源、B資源、容器包装プラ,集合住宅等の専用,030-E-6,139.4489873,35.50265733
下和田  7,小規模,大和市下和田802-1,,,回収地区10,A資源-毎月2・4回目金<BR>容器包装プラ-毎週土,A資源、容器包装プラ,集合住宅等の専用,166-D-5、B資源の回収はありません,139.4666795,35.42651629
高等町第一  36,総合,大和市渋谷7-1-6　佐藤ビル,,,回収地区10,A資源-毎月2・4回目金<BR>B資源-毎月1・3回目金<BR>容器包装プラ-毎週土,A資源、B資源、容器包装プラ,集合住宅等の専用,160-D-1,139.4660282,35.43271539
ダイアパレス大和駅前  1,総合,大和市大和南1-6-13　ダイアパレス大和駅前,,,回収地区8,A資源-毎月2・4回目火<BR>B資源-毎月1・3回目火<BR>容器包装プラ-毎週金,A資源、B資源、容器包装プラ,集合住宅等の専用,103-H-1,139.4638676,35.46890628
高等町第二  37,総合,大和市渋谷7-16-2　コントウィスタ,,,回収地区10,A資源-毎月2・4回目金<BR>B資源-毎月1・3回目金<BR>容器包装プラ-毎週土,A資源、B資源、容器包装プラ,集合住宅等の専用,160-F-8,139.4671589,35.42966496
南林間西南  49,総合,大和市南林間6-22-18  クレールコート,,,回収地区3,A資源-毎月1・3回目月<BR>B資源-毎月2・4回目月<BR>容器包装プラ-毎週水,A資源、B資源、容器包装プラ,集合住宅等の専用,054-A-1,139.4379504,35.49123636
大和東三丁目  15,総合,大和市大和東3-14-18　大和パークホームズ,,,回収地区8,A資源-毎月2・4回目火;br;B資源-毎月1・3回目火;br;容器包装プラ-毎週金,A資源、B資源、容器包装プラ,集合住宅等の専用,085-H-9,139.4636637,35.47412566
公所  28,総合,大和市下鶴間528-1　グレースつきみ野第2,,,回収地区2,A資源-毎月2・4回目木;br;B資源-毎月1・3回目木;br;容器包装プラ-毎週火,A資源、B資源、容器包装プラ,集合住宅等の専用,012-H-7,139.4595849,35.51142932
つきみ野  243,総合,大和市つきみ野1-1-8　デュオヒルズ中央林間,,,回収地区2,A資源-毎月2・4回目木<br>B資源-毎月1・3回目木<br>容器包装プラ-毎週火,A資源、B資源、容器包装プラ,集合住宅等の専用,032-A-7,139.4555939,35.50231362
大和東二丁目  6,総合,大和市深見西1-1-17  グローリア初穂大和,,,回収地区8,A資源-毎月2・4回目火<BR>B資源-毎月1・3回目火<BR>容器包装プラ-毎週金,A資源、B資源、容器包装プラ,集合住宅等の専用,084-H-5,139.4596988,35.47593226
公所  29,総合,大和市下鶴間640-2　つきみ野ガーデニアII,,,回収地区2,A資源-毎月2・4回目木<BR>B資源-毎月1・3回目木<BR>容器包装プラ-毎週火,A資源、B資源、容器包装プラ,集合住宅等の専用,013-D-9,139.4616209,35.510334
南林間西北  28,総合,大和市南林間7-1-10  ライオンズガーデン南林間,,,回収地区3,A資源-毎月1・3回目月<br>B資源-毎月2・4回目月<br>容器包装プラ-毎週水,A資源、B資源、容器包装プラ,集合住宅等の専用,044-F-7,139.440676,35.49327524
公所  30,総合,大和市下鶴間6-1　ソルフィエスタつきみ野レジデンステラス,,,回収地区2,A資源-毎月2・4回目木<BR>B資源-毎月1・3回目木<BR>容器包装プラ-毎週火,A資源、B資源、容器包装プラ,集合住宅等の専用,005-H-3,139.4551911,35.51794034
つきみ野  244,総合,大和市つきみ野7-19-55  コンフォルシアつきみ野,,,回収地区2,A資源-毎月2・4回目木<br>B資源-毎月1・3回目木<br>容器包装プラ-毎週火,A資源、B資源、容器包装プラ,集合住宅等の専用,006-A-6,139.4556837,35.51595569
公所  31,総合,大和市下鶴間36-2　ソルフィエスタつきみ野レジデンスタワー,,,回収地区2,A資源-毎月2・4回目木<BR>B資源-毎月1・3回目木<BR>容器包装プラ-毎週火,A資源、B資源、容器包装プラ,集合住宅等の専用,006-A-3,139.4552876,35.51723337
オハナ鶴間ガーデニア  １,総合,大和市下鶴間2-2-31 オハナ鶴間ガーデニア,,,回収地区6,A資源-毎月2・4回目水<BR>B資源-毎月1・3回目水<BR>容器包装プラ-毎週木,A資源、B資源、容器包装プラ,集合住宅等の専用,059-Aｰ2,139.4597116,35.49082972
大塚戸団地  3,総合,大和市深見3615-3  大塚戸団地4号棟,,,回収地区8,A資源-毎月2・4回目火<br>B資源-毎月1・3回目火<br>容器包装プラ-毎週金,A資源、B資源、容器包装プラ,集合住宅等の専用,111-E-4,139.4714284,35.46334641
南林間南  16,総合,大和市西鶴間1-5-8  プレシス南林間グラーレ,,,回収地区4,A資源-毎月2・4回目月<br>B資源-毎月1・3回目月<br>容器包装プラ-毎週水,A資源、B資源、容器包装プラ,集合住宅等の専用,056-E-1,139.4492523,35.49168784
シティテラス大和  1,総合,大和市深見西2-5-30  シティテラス大和エアーズコート,,,回収地区8,A資源-毎月2・4回目火<BR>B資源-毎月1・3回目火<BR>容器包装プラ-毎週金,A資源、B資源、容器包装プラ,集合住宅等の専用,085-G-2,139.4635984,35.4776627
大和東三丁目  16,総合,大和市深見西2-4-10  西松建設（株）社宅,,,回収地区8,A資源-毎月2・4回目火<BR>B資源-毎月1・3回目火<BR>容器包装プラ-毎週金,A資源、B資源、容器包装プラ,集合住宅等の専用,085-E-4,139.4621956,35.47672222
島津  10,総合,大和市深見西4-8-20　リーファ大和,,,回収地区6,A資源-毎月2・4回目水<BR>B資源-毎月1・3回目水<BR>容器包装プラ-毎週木,A資源、B資源、容器包装プラ,集合住宅等の専用,067-H-8,139.4637866,35.48380945
つきみ野  246,総合,大和市つきみ野2-5-2,,,回収地区2,A資源-毎月2・4回目木<br>B資源-毎月1・3回目木<br>容器包装プラ-毎週火,A資源、B資源、容器包装プラ,集合住宅等の専用,033-E-1,139.462152,35.50508078
桜森  15,総合,大和市桜森2-11-5　ネオブロッサム,,,回収地区5,A資源-毎月1・3回目水<br>B資源-毎月2・4回目水<br>容器包装プラ-毎週木,A資源、B資源、容器包装プラ,集合住宅等の専用,088-C-8,139.4388285,35.4700394
南林間南  17,総合,大和市西鶴間1-6-15　ランドフォレスト南林間IV,,,回収地区4,A資源-毎月2・4回目月<BR>B資源-毎月1・3回目月<BR>容器包装プラ-毎週水,A資源、B資源、容器包装プラ,集合住宅等の専用,046-F-9,139.449411,35.49259388
島津  11,総合,大和市深見西4-530-1　グレイストトロ,,,回収地区6,A資源-毎月2・4回目水<br>B資源-毎月1・3回目水<br>容器包装プラ-毎週木,A資源、B資源、容器包装プラ,集合住宅等の専用,078-A-7,139.4642959,35.4795588
大和南第三  6,小規模,大和市大和南2-2-10  ライオンズシティ大和,,,回収地区8,A資源-毎月2・4回目火<br>容器包装プラ-毎週金,A資源、容器包装プラ,集合住宅等の専用,103-H-3、B資源の回収はありません,139.4639683,35.4679122
大和東三丁目  17,総合,大和市大和東3-8-14　クリオ大和参番館,,,回収地区8,A資源-毎月2・4回目火<br>B資源-毎月1・3回目火<br>容器包装プラ-毎週金,A資源、B資源、容器包装プラ,集合住宅等の専用,093-F-4,139.4629543,35.47252856
中央五丁目  11,総合,大和市中央5-3-10　Nｰステージヤマト,,,回収地区7,A資源-毎月1・3回目火<br>B資源-毎月2・4回目火<br>容器包装プラ-毎週金,A資源、B資源、容器包装プラ,集合住宅等の専用,102-H-5,139.4595559,35.46726526
コンフォール鶴間  2,総合,大和市下鶴間2777-5  コンフォール鶴間3号棟,,,回収地区6,A資源-毎月2・4回目水<br>B資源-毎月1・3回目水<br>容器包装プラ-毎週木,A資源、B資源、容器包装プラ,集合住宅等の専用,048-C-9,139.4566791,35.49243196
桜ヶ丘  22,総合,大和市福田5669-8　USKシャンブル,,,回収地区10,A資源-毎月2・4回目金<BR>B資源-毎月1・3回目金<BR>容器包装プラ-毎週土,A資源、B資源、容器包装プラ,集合住宅等の専用,122-E-6,139.4667783,35.45305955
大和東伸和  7,総合,大和市大和東3-4-10　N-stageYAMATOII,,,回収地区8,A資源-毎月2・4回目火<BR>B資源-毎月1・3回目火<BR>容器包装プラ-毎週金,A資源、B資源、容器包装プラ,集合住宅等の専用,094-A-4,139.4646015,35.47220114
中央一丁目  3,総合,大和市中央1-3-12　ディアスタ大和,,,回収地区8,A資源-毎月2・4回目火<BR>B資源-毎月1・3回目火<BR>容器包装プラ-毎週金,A資源、B資源、容器包装プラ,集合住宅等の専用,103-B-2,139.4609797,35.46822977
三ツ和  16,小規模（容器包装プラのみ）,大和市深見東1-1-21  グランドステージ大和,,,回収地区8,容器包装プラ-毎週金,容器包装プラ,集合住宅等の専用,086-B-2、A・B資源の回収はありません,139.4653674,35.47739
ドミールシャルマン 2,小規模,大和市西鶴間3-3-24　ドミールシャルマン,,,回収地区5,A資源-毎月1・3回目水<BR>容器包装プラ-毎週木,A資源、容器包装プラ,集合住宅等の専用,057-A-8、B資源の回収はありません,139.4515351,35.48851866
メイツ大和クロスグランデ 1,総合,大和市深見台1-6-1　メイツ大和クロスグランデ,,,回収地区8,A資源-毎月2・4回目火<BR>B資源-毎月1・3回目火<BR>容器包装プラ-毎週金,A資源、B資源、容器包装プラ,集合住宅等の専用,104-E-6,139.4670561,35.46639986
ドレッセ中央林間  1-B,総合,大和市中央林間7-9-4　ドレッセ中央林間,,,回収地区1,A資源-毎月1・3回目木<BR>B資源-毎月2・4回目木<BR>容器包装プラ-毎週火,A資源、B資源、容器包装プラ,集合住宅等の専用,020-F-6,139.4495604,35.50685118
ドレッセ中央林間  2-A,総合,大和市中央林間7-9-4　ドレッセ中央林間,,,回収地区1,A資源-毎月1・3回目木<BR>B資源-毎月2・4回目木<BR>容器包装プラ-毎週火,A資源、B資源、容器包装プラ,集合住宅等の専用,020-E-8,139.4491747,35.50610929
相模大塚北  11,総合,大和市桜森3-4-13　桜森スクエアIII,,,回収地区5,A資源-毎月1・3回目水<br>B資源-毎月2・4回目水<br>容器包装プラ-毎週木,A資源、B資源、容器包装プラ,集合住宅等の専用,088-H-3,139.4413941,35.47258728
中央林間内山  38,総合,大和市中央林間6-11-19　ジーシーエコフォレスト中央林間,,,回収地区1,A資源-毎月1・3回目木<br>B資源-毎月2・4回目木<br>容器包装プラ-毎週火,A資源、B資源、容器包装プラ,集合住宅等の専用,020-C-2,139.4481264,35.50930264
中央林間内山  39,小規模,大和市中央林間8-21-1  サテライト中央林間,,,回収地区1,A資源-毎月1・3回目木<br>容器包装プラ-毎週火,A資源、容器包装プラ,集合住宅等の専用,021-A-2、B資源の回収はありません,139.4512133,35.50882397
中央一丁目  4,総合,大和市中央1-7-7　エルダーガーデン大和,,,回収地区8,A資源-毎月2・4回目火<BR>B資源-毎月1・3回目火<BR>容器包装プラ-毎週金,A資源、B資源、容器包装プラ,集合住宅等の専用,103-F-8,139.4629997,35.46576415
大和東二丁目  8,総合,大和市大和東2-5-17　デュオステージ大和,,,回収地区8,A資源-毎月2・4回目火<BR>B資源-毎月1・3回目火<BR>容器包装プラ-毎週金,A資源、B資源、容器包装プラ,集合住宅等の専用,093-E-4,139.4619707,35.47215743
南林間南  19,総合,大和市南林間1-12-18  リビオ南林間,,,回収地区4,A資源-毎月2・4回目月<BR>B資源-毎月1・3回目月<BR>容器包装プラ-毎週水,A資源、B資源、容器包装プラ,集合住宅等の専用,046-B-7,139.4476,35.49338372
鶴西  8,総合,大和市西鶴間6-15-22　ココファン西鶴間,,,回収地区3,A資源-毎月1・3回目月<br>B資源-毎月2・4回目月<br>容器包装プラ-毎週水,A資源、B資源、容器包装プラ,集合住宅等の専用,055-B-8,139.4428714,35.48864352
中央林間西  17,総合,大和市中央林間5-8-13　プラウド中央林間,,,回収地区1,A資源-毎月1・3回目木<br>B資源-毎月2・4回目木<br>容器包装プラ-毎週火,A資源、B資源、容器包装プラ,集合住宅等の専用,018-H-1,139.4418854,35.50943735
中央林間内山  40,小規模,大和市中央林間9-42　フォレスト中央林間,,,回収地区1,A資源-毎月1・3回目木<BR>容器包装プラ-毎週火,A資源、容器包装プラ,集合住宅等の専用,004-D-7、B資源の回収はありません,139.4485581,35.51578433
中央林間内山  41,小規模,大和市中央林間8-8-4　Ryusei　Village,,,回収地区1,A資源-毎月1・3回目木<br>容器包装プラ-毎週火,A資源、容器包装プラ,集合住宅等の専用,020-E-4、B資源の回収はありません,139.4492007,35.50788582
南林間西北  30,小規模,大和市南林間8-3-18　プライムテラス南林間III,,,回収地区3,A資源-毎月1・3回目月<BR>容器包装プラ-毎週水,A資源、容器包装プラ,集合住宅等の専用,036-F-6、B資源の回収はありません,139.4410738,35.49812725
桜ヶ丘親和会  11,総合,大和市上和田1827　県営桜並木住宅,,,回収地区10,A資源-毎月2・4回目金<BR>B資源-毎月1・3回目金<BR>容器包装プラ-毎週土,A資源、B資源、容器包装プラ,集合住宅等の専用,136-F-5,139.4675494,35.44467725
中央一丁目  5,総合,大和市中央１-1-10　藤和シティホームズ大和駅前,,,回収地区8,A資源-毎月2・4回目火<BR>B資源-毎月1・3回目火<BR>容器包装プラ-毎週金,A資源、B資源、容器包装プラ,集合住宅等の専用,103-C-2,139.4612154,35.46873165
中央林間西  18,総合,大和市中央林間3-5-13　フェスティナ　レンテ,,,回収地区1,A資源-毎月1・3回目木<br>B資源-毎月2・4回目木<br>容器包装プラ-毎週火,A資源、B資源、容器包装プラ,集合住宅等の専用,019-C-5,139.4434344,35.5075954
公所  34,総合,大和市下鶴間72-1　クラードゥレーヴつきみ野,,,回収地区2,A資源-毎月2・4回目木<br>B資源-毎月1・3回目木<br>容器包装プラ-毎週火,A資源、B資源、容器包装プラ,集合住宅等の専用,006-F-5,139.4582753,35.51666318
中央林間内山  42,小規模,大和市中央林間8-5-22　クレスティーク中央林間,,,回収地区1,A資源-毎月1・3回目木<br>容器包装プラ-毎週火,A資源、容器包装プラ,集合住宅等の専用,020-H-5、B資源の回収はありません,139.4503918,35.5075208
つきみ野  247,小規模,大和市つきみ野6-1-1　メゾンドソレイイユつきみ野A,,,回収地区2,A資源-毎月2・4回目木;br;容器包装プラ-毎週火,A資源、容器包装プラ,集合住宅等の専用,011-C-8、B資源の回収はありません,139.4522097,35.5109949
つきみ野  248,小規模,大和市つきみ野6-1-1　メゾンドソレイイユつきみ野B,,,回収地区2,A資源-毎月2・4回目木<BR>容器包装プラ-毎週火,A資源、容器包装プラ,集合住宅等の専用,011-C-8、B資源の回収はありません,139.4524428,35.51080071
つきみ野  250,小規模,大和市つきみ野2-5-6　ルーチェつきみ野,,,回収地区2,A資源-毎月2・4回目木<BR>容器包装プラ-毎週火,A資源、容器包装プラ,集合住宅等の専用,033-F-2、B資源の回収はありません,139.462682,35.50477861
大和東二丁目 9,総合（B資源のみ）,大和市大和東2-1-15　MODELIST  YAMATO,,,回収地区8,B資源ｰ毎月1・3回目火,B資源,集合住宅等の専用。　A資源と容器包装プラの回収はありません,093-C-6,139.4613171,35.47106641
大和東二丁目 10,総合（B資源と容器包装プラ）,大和市大和東2-6-18　クレスト大和東,,,回収地区8,B資源ｰ毎月1・3回目火　容器包装プラｰ毎週金,B資源、容器包装プラ,集合住宅等の専用。　A資源の回収はありません,093-D-3,139.4615046,35.47253273
桜森 17,総合,大和市桜森2-3-11　ルート相模大塚,,,回収地区5,A資源ｰ毎月1・3回目水　B資源ｰ毎月2・4回目水　容器包装プラｰ毎週木,A資源、B資源、容器包装プラ,集合住宅の専用,088-F-9,139.4406531,35.46999136
つきみ野 251,総合,大和市つきみ野1-6-9　グランアリーナレジデンス,,,回収地区2,A資源ｰ毎月2・4回目木　B資源ｰ毎月1・3回目木　容器包装プラｰ火,A資源、B資源、容器包装プラ,集合住宅の専用,032-D-6,139.4581654,35.503334
つきみ野 252,総合,大和市つきみ野1-6-9　グランアリーナレジデンス,,,回収地区2,A資源ｰ毎月2・4回目木　B資源ｰ毎月1・3回目木　容器包装プラｰ火,A資源、B資源、容器包装プラ,集合住宅の専用,032-E-6,139.4584494,35.50277104
中央一丁目 6,総合,大和市中央1-3-9　ソレイユヤマト,,,回収地区8,A資源ｰ毎月2・4回目火　B資源ｰ毎月1・3回目火　容器包装プラｰ毎週金,A資源、B資源、容器包装プラ,集合住宅等の専用,103-C-3,139.4611458,35.46817741
鶴間新町 31,総合,大和市中央林間西1-2-5　リュシエル中央林間,,,回収地区1,A資源ｰ毎月1・3回目木　B資源ｰ毎月2・4回目木　容器包装プラｰ毎週火,A資源、B資源、容器包装プラ,集合住宅等の専用,037-C-1,139.443675,35.50054063
南林間西北 31,総合,大和市南林間9-7-22　フォレスト南林間,,,回収地区3,A資源ｰ毎月1・3回目月　B資源ｰ毎月2・4回目月　容器包装プラｰ毎週水,A資源、B資源、容器包装プラ,集合住宅等の専用,043-C-1,139.4347248,35.49601925
つきみ野 249,小規模,大和市つきみ野6-1-113,,,回収地区2,A資源ｰ毎月2・4回目　容器包装プラｰ毎週火,A資源、容器包装プラ,集合住宅等の専用,011-C-7、B資源の回収はありません,139.4521374,35.5114684
大塚戸団地 2,総合,大和市深見3615-3 大塚戸団地5号棟,,,回収地区8,A資源ｰ毎月2･4回目火　B資源ｰ毎月1･3回目火　容器包装プラｰ毎週金,A資源、B資源、容器包装プラ,集合住宅等の専用,111-E-4,139.4712349,35.46296702
シティテラス大和 2,総合,大和市深見西2-5-30　シティテラス大和ブリーズコート,,,回収地区8,A資源ｰ毎月2・4回目火　B資源ｰ毎月1・3回目火　容器包装プラｰ毎週金,A資源、B資源、容器包装プラ,集合住宅等の専用,085-G-1,139.4636957,35.47831077
一之関 14,総合,大和市深見679-7,,,回収地区6,A資源ｰ毎月2・4回目水　B資源ｰ毎月1・3回目水　容器包装プラ-毎週木,A資源、B資源、容器包装プラ,集合住宅等の専用,068-F-2,139.4674995,35.48667672
南林間東南 11,総合,大和市下鶴間3009-2　サンハイム下鶴間,,,回収地区4,A資源ｰ毎月2・4回目月　Ｂ資源ｰ毎月1・3回目月　容器包装プラｰ毎週水,A資源、B資源、容器包装プラ,集合住宅等の専用,039-E-8,139.4538578,35.49718932
南林間東北 3,総合,大和市林間2-15-3　ヴェルデステージ南林間,,,回収地区4,A資源ｰ毎月2・4回目月　B資源ｰ毎月1・3回目月　容器包装プラｰ毎週水,A資源、B資源、容器包装プラ,集合住宅等の専用,038-B-4,139.4477551,35.49911806
深見中原 7,総合,大和市深見西1-4-44　湘南サザンテラス,,,回収地区8,A資源-毎月2・4回目火　<BR>B資源-毎月1・3回目火<BR>容器包装プラ-毎週金,A資源、B資源、容器包装プラ,集合住宅等の専用,084-H-5,139.4597689,35.4761424
旭ヶ丘 7,小規模,大和市渋谷1-10-11　ファミーユ高座渋谷,,,回収地区10,A資源ｰ毎月2・4回目金　容器包装プラ-毎週土,A資源、容器包装プラ,集合住宅等の専用,144-B-9、B資源の回収はありません,139.4653582,35.43819183
山下 7,総合,大和市福田7-14-7　アーク桜ヶ丘,,,回収地区9,A資源ｰ毎月1・3回目金　B資源ｰ毎月2・4回目金　容器包装プラｰ毎週土,A資源、B資源、容器包装プラ,集合住宅等の専用,129-B-6,139.4604393,35.44875307
ドレッセ中央林間 3-D,総合,大和市中央林間7-9-4　ドレッセ中央林間,,,回収地区1,A資源ｰ毎月1・3回目木　B資源ｰ毎月2・4回目木　容器包装プラｰ毎週火,A資源、B資源、容器包装プラ,集合住宅等の専用,020-H-8,139.4509267,35.50636245
中央林間北 14,総合,大和市中央林間4-26-1　ファーストクラス中央林間,,,回収地区1,A資源-毎月1・3回目木　　B資源-毎月2・4回目木　　容器包装プラ-毎週火,A資源、B資源、容器包装プラ,集合住宅等の専用,020-C-5,139.4480441,35.50750138
公所 37,総合,大和市下鶴間629-4　N-stage Tsukimino,,,回収地区2,A資源ｰ毎月2・4回目木　B資源ｰ毎月1・3回目木、容器包装プラｰ毎週火,A資源、B資源、容器包装プラ,集合住宅等の専用,013-E-7,139.4621192,35.51130283
つきみ野 253,小規模,大和市つきみ野1-1-67　コジュストベアーつきみ野,,,回収地区2,A資源-毎月2・4回目木　容器包装プラｰ毎週火,A資源、容器包装プラ,集合住宅等の専用,032-A-4,139.4553471,35.50360449
つきみ野 200,小規模,大和市つきみ野2-4-7　エスペランサつきみ野,,,回収地区2,A資源-毎月2・4回目木　容器包装プラｰ毎週火,A資源、容器包装プラ,集合住宅等の専用,023-E-9、B資源の回収はありません,139.4622266,35.50593507
宮下 6,総合,大和市深見台1-8-24　フォルスコート大和深見台,,,回収地区8,A資源ｰ毎月2・4回火　B資源ｰ毎月1・3回目火　容器包装プラｰ毎週金,A資源、B資源、容器包装プラ,集合住宅等の専用,104-G-10,139.4680362,35.46518823
つきみ野 174,総合,大和市つきみ野4-1-9　ライフタウンつきみ野,,,回収地区2,A資源ｰ毎月2・4回目木　B資源ｰ毎月1・3回目木　容器包装プラｰ毎週火,A資源、B資源、容器包装プラ,集合住宅等の専用,023-B-7,139.460887,35.50710023
中央林間内山 43,総合,大和市中央林間6-27-27　スイートガーデン,,,回収地区1,A資源ｰ毎月1・3回目木　B資源ｰ毎月2・4回目木　容器包装プラｰ毎週火,A資源、B資源、容器包装プラ,集合住宅等の専用,09-G-7,139.4454132,35.5113984
つきみ野 209,小規模,大和市つきみ野2-2-2　メゾンボヌールI,,,回収地区2,A資源ｰ毎月2･4回目木　容器包装プラｰ毎週火,A資源、容器包装プラ,集合住宅等の専用、B資源の回収はありません,033-C-2,139.4609514,35.50451673
県営いちょう下和田団地第三 14,総合,大和市下和田262 いちょう団地77号南西,,,回収地区10,Ａ資源ｰ毎月2.4回目金<BR>Ｂ資源ｰ毎月1.3回目金<BR>容器包装プラｰ毎週土,Ａ資源、Ｂ資源、容器包装プラ,集合住宅等の専用,169-F-2,139.4719811,35.42783656
桜森 18,総合,大和市桜森2-2-1　ガーラ・レジデンス相模大塚駅前,,,回収地区5,Ａ資源ｰ毎月1･3回目水<BR>Ｂ資源ｰ毎月2･4回目水<BR>容器包装プラｰ毎週木,Ａ資源、Ｂ資源、容器包装プラ,集合住宅等の専用,088-H-8,139.4418019,35.47028321
山王原上 9,総合,大和市下鶴間2981-11　サニーホームズＡ、Ｂ,,,回収地区4,A資源-毎月2・4回目月<BR>B資源-毎月1・3回目月<BR>容器包装プラ-毎週水,A資源、B資源、容器包装プラ,集合住宅等の専用,040-C-7,139.4572708,35.49769128
中央林間北 11,総合,大和市中央林間4-28-3 ハートフルマンション,,,回収地区1,A資源-毎月1・3回目木<BR>B資源-毎月2・4回目木<BR>容器包装プラ-毎週火,Ａ資源、Ｂ資源、容器包装プラ,集合住宅等の専用,020-D-5,139.4482316,35.50738792
桜森 19,総合,大和市桜森2-24-13　ル・カトレヤ,,,回収地区5,A資源-毎月1・3回目水<BR>B資源-毎月2・4回目水<BR>容器包装プラ-毎週木,A資源、B資源、容器包装プラ,集合住宅等の専用,087-F-9,139.436738,35.46993888
銀杏会 7,小規模,大和市西鶴間5-1-25　ダイアパレス大和第３,,,回収地区5,容器包装プラ-毎週木,容器包装プラ,集合住宅の専用,063-E-1、Ａ･Ｂ資源の回収はありません,139.4453527,35.48376751
中央林間西 19,総合,大和市中央林間5-1-10　プロスペクト,,,回収地区1,Ａ資源-1･3回目木<BR>Ｂ資源-2･4回目木<BR>容器包装プラ-毎週火,Ａ資源、Ｂ資源、容器包装プラ,集合住宅等の専用,019-C-1,139.4432728,35.50951526
鶴間 7,総合,大和市鶴間1-1-18　レジデンス鶴間駅前,,,回収地区6,A資源-毎月2・4回目水<BR>B資源-毎月1・3回目水<BR>容器包装プラ-毎週木,A資源、B資源、容器包装プラ,集合住宅の専用,057-A-5,139.4514337,35.48958493
相模大塚北 12,総合,大和市桜森3-6-7,,,回収地区5,A資源-毎月1･3回目水<BR>B資源-毎月2.4回目水<BR>容器包装-毎週木,A資源、B資源、容器包装プラ,集合住宅の専用,088-D-4,139.4395854,35.47212193
つきみ野 255,小規模,大和市つきみ野3-2-9 メゾン フェリシア,,,回収地区2,A資源-毎月2･4回目木<BR>容器包装プラ-毎週火,A資源、容器包装プラ,集合住宅等の専用<BR>B資源の回収はありません,022-B-9,139.4558989,35.50583017
中央五丁目 12,総合,大和市中央5-2-9 ワザック大和中央,,,回収地区7,A資源-毎月1・3回目火<BR>B資源-毎月2・4回目火<BR>容器包装プラ-毎週金,A資源、B資源、容器包装プラ,集合住宅等の専用,102-H-3,139.4594473,35.46810318
つきみ野 256,小規模,大和市つきみ野2-6-16　BORIKIつきみの北棟・南棟,,,回収地区2,A資源-毎月2･4回目木<BR>容器包装プラ-毎週火,A資源、容器包装プラ,集合住宅等の専用,033-H-2、B資源の回収はありません,139.4637483,35.50445134
つきみ野 257,小規模,大和市つきみ野2-6-7　アトレーウーナ・アトレーデューオ,,,回収地区2,A資源-毎月2･4回目木<BR>容器包装プラ-毎週火,A資源、容器包装プラ,集合住宅等の専用,033-G-2、B資源の回収はありません,139.4635447,35.5045037
大和南第三 7,総合,大和市大和南2-7-26　大和南寮,,,回収地区8,A資源-毎月2・4回目火<BR>B資源-毎月1・3回目火<BR>容器包装プラ-毎週金,A資源、B資源、容器包装プラ,集合住宅等の専用,103-G-6,139.4631881,35.46684187
南林間西南 55,総合,大和市南林間6-15,,,回収地区3,A資源-毎月1･3回目月<BR>B資源-毎月2･4回目月<BR>容器包装プラ-毎週水,A資源、B資源、容器包装プラ,令和6年築住宅19戸の専用,054-C-8,139.4387783,35.48854159
桜森 20,総合,大和市桜森2-7-9　デュオステージ相模大塚,,,回収地区5,A資源‐毎月1･3回目水　　B資源‐毎月2･4回目水<BR>容器包装プラ‐毎週木,A資源、B資源、容器包装プラ,集合住宅の専用,088‐E‐9,139.440148,35.46993992
鶴間新町 32,総合,大和市中央林間西2-2-2　グランティエラ,,,回収地区1,A資源-毎月1・3回目木<BR>B資源-毎月2・4回目木<BR>容器包装プラ-毎週火,A資源、B資源、容器包装プラ,集合住宅等の専用,036-C-2,139.4391449,35.49986409
鶴間新町 33,総合,大和市中央林間西1-16,,,回収地区1,A資源-毎月1・3回目木<BR>B資源-毎月2・4回目木<BR>容器包装プラ-毎週火,A資源、B資源、容器包装プラ,集合住宅等の専用,036-E-2,139.440413,35.49986857
坂上 12,総合,大和市下鶴間1789-41,,,回収地区4,A資源-毎月2・4回目月<BR>B資源-毎月1・3回目月<BR>容器包装プラ-毎週水,A資源、B資源、容器包装プラ,共同住宅等の専用,039-G-1,139.4545221,35.50053655
大和東一丁目 3,総合,大和市大和東1-4-10 プラウド大和,,,回収地区8,A資源-毎月2･4回目火<BR>B資源-毎月1･3回目火<BR>容器包装プラ-毎週金,A資源、B資源、容器包装プラ,集合住宅等の専用,093-F-7,139.4627477,35.47068677
南林間北10,総合,大和市南林間2-11-9 ヴェルテス・サウスコートX,,,回収地区3,A資源-毎月1･3回目月<BR>B資源-毎月2･4回目月<BR>容器包装プラ-毎週水,A資源、B資源、容器包装プラ,集合住宅等の専用,045-H-2,139.4462711,35.49560061
一之関 17,集合住宅等の専用,大和市深見西7-4-11 プレシス鶴間レジデンス,,,回収地区6,A資源-毎月2･4回目水<BR>B資源-毎月1･3回目水<BR>容器包装プラ-毎週木,A資源、B資源、容器包装プラ,,065-G-5,139.4545438,35.48493034
大和原 11,総合,大和市下鶴間2-5-36 メディックス鶴間,,,回収地区6,A資源‐毎月2･4回目水<BR>B資源‐毎月1･3回目水<BR>容器包装プラ-毎週木,A資源、B資源、容器包装プラ,集合住宅等の専用,059-A-9,139.4599421,35.48774353
南林間東北16,総合,大和市林間2-6-5 シティテラス中央林間,,,回収地区4,A資源‐毎月2･4回目月<BR>B資源‐毎月1･3回目月<BR>容器包装プラ-毎週水,A資源、B資源、容器包装プラ,集合住宅等の専用,037-H-4,139.4463219,35.49940387
松ヶ丘 5,総合,大和市福田3-9-1 ガーラ・レジデンス桜ヶ丘,,,回収地区9,A資源-毎月1･3回目金<BR>B資源-毎月2･4回目金<BR>容器包装プラ-毎週土,A資源、B資源、容器包装プラ,集合住宅等の専用,136-B-7,139.4650714,35.44361454
深見中原 11,総合,大和市深見西2-7-1 ファインスクェア大和,,,回収地区8,A資源-毎月2･4回目火<BR>B資源-毎月1･3回目火<BR>容器包装プラ-毎週金,A資源、B資源、容器包装プラ,集合住宅等の専用,085-C-2,139.4610945,35.4776801
つきみ野 176,小規模,大和市つきみ野4-3-36,,,回収地区2,A資源-毎月2･4回目木<BR>容器包装プラ-毎週火,A資源、容器包装プラ,集合住宅等の専用<BR>B資源の回収はありません,022-H-5,139.4596199,35.50780935
県営いちょう下和田団地第六 1,総合,大和市下和田262 いちょう下和田ハイツ1号館東棟側,,,回収地区10,A資源-毎月2・4回目金<BR>B資源-毎月1・3回目金<BR>容器包装プラ-毎週土,A資源、B資源、容器包装プラ,集合住宅等の専用,169-E-4,139.4713944,35.42685245
県営いちょう下和田団地第六 2,総合,大和市下和田262 いちょう下和田ハイツ1号館西棟側,,,回収地区10,A資源-毎月2・4回目金<BR>B資源-毎月1・3回目金<BR>容器包装プラ-毎週土,A資源、B資源、容器包装プラ,集合住宅等の専用,169-D-5,139.4708693,35.42662987
中央林間内山 44,総合,中央林間6-5-26 ドレッセ中央林間レジデンス,,,回収地区1,A資源-毎月1・3回目木<BR>B資源-毎月2・4回目木<BR>容器包装プラ-毎週火,A資源、B資源、容器包装プラ,集合住宅等の専用,019-F-2,139.4459946,35.50920985
中央林間南 20,総合,大和市中央林間1-20-26 ブランズ中央林間,,,回収地区1,A資源-毎月1・3回目木<BR>B資源-毎月2・4回目木<BR>容器包装プラ-毎週火,A資源、B資源、容器包装プラ,集合住宅等の専用,028-G-2,139.4411566,35.50444419
高等町第二 34,総合,大和市下和田898,,,回収地区10,A資源-毎月2・4回目金<BR>B資源-毎月1・3回目金<BR>容器包装プラ-毎週土,A資源、B資源、容器包装プラ,集合住宅等の専用,160-D-10,139.466524,35.42875068
中央林間北 17,総合,中央林間4-14-10 グリーンハイツ中央林間,,,回収地区1,A資源-毎月1・3回目木<BR>B資源-毎月2・4回目木<BR>容器包装プラ-毎週火,A資源、B資源、容器包装プラ,集合住宅等の専用,019-G-3,139.4455821,35.50872107
つきみ野233,総合,大和市つきみ野1-1-35つきみ野パークホームズ,,,回収地区2,A資源-毎月2･4回目木<BR>B資源-毎月1･3回目木<BR>容器包装プラ-毎週火,A資源、B資源、容器包装プラ,集合住宅等の専用,031-G-7,139.4544015,35.50267711
中央一丁目 7,総合,大和市中央1-3-15 ポレスター大和中央,,,回収地区8,A資源-毎月2・4回目火<BR>B資源-毎月1・3回目火<BR>容器包装プラ-毎週金,A資源、B資源、容器包装プラ,集合住宅等の専用,103-C-2,139.4609823,35.46851126
新道下 13,総合,大和市福田5-5-1 セルピナ桜ヶ丘ランドヒルズ,,,回収地区9,A資源-毎月1･3回目金<BR>B資源-毎月2･4回目金<BR>容器包装プラ-毎週土,A資源、B資源、容器包装プラ,集合住宅等の専用,129-F-10,139.4628902,35.44710704
高等町第四 34,総合,大和市渋谷5-23-4 キーファ,,,回収地区10,A資源-毎月2・4回目金<BR>B資源-毎月1・3回目金<BR>容器包装プラ-毎週土,A資源、B資源、容器包装プラ,集合住宅等の専用,159-G-2,139.4636359,35.4324033
つきみ野 115,総合,大和市つきみ野8-13-3 ハイコートつきみ野,,,回収地区2,A資源-毎月2・4回目木<BR>B資源-毎月1・3回目木<BR>容器包装プラ-毎週火,A資源、B資源、容器包装プラ,集合住宅等の専用,005-H-5,139.4550224,35.51662458
旧大和駅周辺再開発事務所　敷地内,拠点回収,大和市中央4-1-14,,,,毎月1・3回目日曜日（午前9時～12時）,A資源、B資源、容器包装プラ、植物性廃食用油、生ごみたい肥（処理品）,（問い合わせは月～土　8:00～16：45）,092-H-9,139.4593181,35.46958549
つきみ野駅  駅前広場,拠点回収,大和市つきみ野5-8-1　駅前広場,,,,毎月1・3回目日曜日（午前9時～12時）,A資源、B資源、容器包装プラ、植物性廃食用油、生ごみたい肥（処理品）,（問い合わせは月～土　8:00～16：45）,012-F-10,139.4581476,35.51009481
桜ヶ丘駅西口  バス停前,拠点回収,大和市福田1-5-4　西口バス停前,,,,毎月2・4回目日曜日（午前9時～12時）,A資源、B資源、容器包装プラ、植物性廃食用油、生ごみたい肥（処理品）,（問い合わせは月～土　8:00～16：45）,130-B-2,139.4653298,35.45054309
大和スポーツセンター　南側広場,拠点回収,大和市上草柳1-1-1,,,,毎月2・4回目日曜日（午前9時～12時）,A資源、B資源、容器包装プラ、植物性廃食用油、生ごみたい肥（処理品）,（問い合わせは月～土　8:00～16：45）,084-E-10,139.4577146,35.47394096
高座渋谷駅西口　駅前広場,拠点回収,大和市渋谷8-1-1　線路沿い,,,,毎月2・4回目日曜日（午前9時～12時）,A資源、B資源、容器包装プラ、植物性廃食用油、生ごみたい肥（処理品）,（問い合わせは月～土　8:00～16：45）,160-A-3,139.4645334,35.4319211
中央林間駅北口  交番西側,拠点回収,大和市中央林間5-1　交番西側,,,,毎月1・3回目日曜日（午前9時～12時）,A資源、B資源、容器包装プラ、植物性廃食用油、生ごみたい肥（処理品）,（問い合わせは月～土　8:00～16：45）,019-D-2,139.4437243,35.50888866
大和市役所　正面入口,拠点回収,大和市鶴間1-1-1,,,,毎月1・3回目日曜日（午前9時～12時）,A資源、B資源、容器包装プラ、植物性廃食用油、生ごみたい肥（処理品）,（問い合わせは月～土　8:00～16：45）,058-D-10,139.4573734,35.48716747
相模大塚駅北口,拠点回収,大和市桜森3-1-1先　北口,,,,毎月2・4回目日曜日（午前9時～12時）,A資源、B資源、容器包装プラ、植物性廃食用油、生ごみたい肥（処理品）,（問い合わせは月～土　8:00～16：45）,088-E-6,139.440231,35.47103312
市役所本庁舎,使用済み小型家電回収ボックス,大和市下鶴間1-1-1,,,,,,046-260-5311,058-E-10,139.4580474,35.48750425
桜ヶ丘連絡所,使用済み小型家電回収ボックス,大和市福田5511-1,,,,,,046-268-1124,130-D-4,139.4661909,35.44934805
渋谷分室（高座渋谷IKOZA１階）,使用済み小型家電回収ボックス,大和市渋谷5-22　IKOZA 1階,,,,,,046-267-2330,159-H-1,139.4639148,35.43314711
保健福祉センター,使用済み小型家電回収ボックス,大和市鶴間1-31-7,,,,,,046-260-5685,057-G-3,139.4545135,35.49046772
つきみ野学習センター,使用済み小型家電回収ボックス,大和市つきみ野5-3-5,,,,,,046-275-0088,011-G-8,139.4543672,35.51082893
桜丘学習センター,使用済み小型家電回収ボックス,大和市福田1-30-1,,,,,,046-269-0411,129-E-1,139.462659,35.45078379
環境管理センター,使用済み小型家電回収ボックス,大和市草柳3-12-1,,,,,,046-269-7343,114-E-10,139.4573009,35.4556451
大和市資源選別所,使用済み小型家電回収ボックス,大和市上草柳563-11,,,,,,046-262-8865,072-C-6,139.439415,35.4799722
大和商工会議所,使用済み小型家電回収ボックス,大和市中央5-1-4,,,,,,046-263-9111,103-B-3,139.46048,35.46793701
大和市自然観察センターしらかしのいえ（泉の森内）,使用済み小型家電回収ボックス,大和市上草柳1728,,,,,,046-264-6633,081-E-2,139.4445483,35.47767129
ぷらっと高座渋谷,使用済み小型家電回収ボックス,大和市渋谷5-22　IKOZA 1階,,,,,,046-267-2722,159-H-1,139.4641826,35.43299583
大和スポーツセンター,使用済み小型家電回収ボックス,大和市上草柳1-1-1,,,,,,046-260-5762,084-DE-6,139.4574733,35.47428622
イオン大和鶴間店３階,使用済み小型家電回収ボックス,大和市下鶴間1-2-1,,,,,,,058-E-7,139.4580138,35.48895458
文化創造拠点シリウス４階,使用済み小型家電回収ボックス,大和市大和南1-8-1,,,,,,046-263-0211,094-C-10,139.4652921,35.46939287
中央林間東急スクエア１階,使用済み小型家電回収ボックス,大和市中央林間4-12-1,,,,,,,019-G-6,139.4458849,35.5072708
市民交流拠点ポラリス,使用済み小型家電回収ボックス,大和市中央林間1-3-1,,,,,,046-274-4361,029-C-3,139.4440221,35.50364886
大和市リサイクル事業協同組合（大和市資源選別所）,,大和市上草柳563-11,https://www.city.yamato.lg.jp/gyosei/soshik/75/gomi_recycle/kateikaraderugomi/6604.html,https://www.machi-info.jp/files/yamato/recycle/sigensenbatu/senbetsusho.jpg,,,,家庭の資源のお持込を受け付けています。,開館時間：9時～12時、13時～15時30分<BR>休館日：年末年始,139.439218,35.48013927
